count;frame;lane;on_the_fly;over;Veh_ TypeM;Vm;Veh_ Type1;Veh_RL;V1;Veh_ Type0;Veh_ Type2;Veh_ Type3;platoon;sum_ platoon;d0;d1;d2;d3;opening;s_x;s_y;distancexy;V2;V3;helmet;passenger;dif;ttc;ttcc
1;75;0;1;0;0;71;2;1;69;2;1;2;0;0;28.4;35.6;0.5;1.7;1.8;1.6;4.9;5.2;64;75;1;0;2;5.1;5.1
2;75;1;0;0;0;63;2;1;69;2;2;2;0;0;28.4;21.3;0.5;1.7;1.8;0.1;6.6;6.6;71;75;0;0;-6;-1.933333333;0
3;105;1;1;0;0;63;1;0;64;1;2;2;0;0;48;52;17.1;1.6;17.2;3.3;7.2;7.9;55;63;1;0;-1;-12.9;0
4;555;1;0;1;1;65;1;1;39;0;2;1;0;0;255;63.6;0.8;1.6;1.8;0.4;12.6;12.6;62;36;1;0;26;0.676923077;0.676923077
5;955;1;1;1;0;76;1;0;55;1;0;1;0;0;32.2;255;34.5;255;257.3;3;5.7;6.4;0;52;1;0;21;0.542857143;0.542857143
6;3055;1;1;0;0;58;1;0;45;1;0;1;0;0;88.3;255;17.3;0.3;17.3;3.1;6.6;7.3;0;43;1;0;13;0.946153846;0.946153846
7;3205;1;1;0;0;54;1;0;53;1;2;2;0;0;23.6;84.2;28.6;255;256.6;1.6;12.2;12.3;44;72;1;0;1;17.3;17.3
8;3530;1;0;1;0;70;1;1;50;0;1;1;0;0;255;48.6;34.6;1.1;34.6;1.1;4.3;4.4;62;664;0;0;20;0.47;0.47
9;3880;1;0;0;0;63;1;1;68;1;1;1;0;0;36.5;25.4;19.1;1;19.1;1.2;5;5.1;64;50;1;0;-5;-2.02;0
10;4430;0;0;1;0;82;1;0;41;2;1;1;0;0;28.5;55.1;29.8;1.2;29.8;0.7;7.9;7.9;58;40;1;0;41;0.314634146;0.314634146
11;5555;1;1;1;1;63;1;0;58;0;0;1;0;0;255;255;39.6;1.2;39.6;3.1;7.3;7.9;0;60;1;0;5;2.58;2.58
12;5955;1;1;1;0;67;1;0;60;1;0;1;0;0;8.3;255;23.8;0.8;23.8;2.6;2.4;3.5;0;64;0;0;7;1.214285714;1.214285714
13;6405;1;1;0;1;84;1;0;58;0;0;1;0;0;255;255;29.4;0.7;29.4;3;8.7;9.2;0;50;1;0;26;0.546153846;0.546153846
14;6555;1;0;1;0;83;1;1;59;1;1;1;0;0;32.3;66;43.4;255;258.7;1.4;2.8;3.1;75;75;1;0;24;0.3375;0.3375
15;6680;0;1;0;1;79;1;1;61;1;1;2;0;0;28.7;49.3;15.9;0.4;15.9;2.4;10.7;11;62;77;1;0;18;0.888888889;0.888888889
16;6680;1;0;1;0;70;1;1;42;2;1;1;0;0;35.4;29.4;255;1.4;255;1;4.9;5;55;65;1;0;28;0.357142857;0.357142857
17;6680;1;1;1;0;75;1;0;55;1;0;1;0;0;12.2;255;29.7;1.1;29.7;2.6;1;2.8;0;42;1;0;20;0.39;0.39
18;6805;1;0;1;1;64;1;1;43;1;1;1;0;0;39.2;69.2;8.6;1.1;8.7;1.2;4.9;5;57;47;1;0;21;0.476190476;0.476190476
19;6805;1;0;1;1;75;1;1;57;1;1;1;0;0;53.1;58.9;43.1;1.1;43.1;1.4;6.7;6.8;45;47;1;0;18;0.655555556;0.655555556
20;7180;0;1;1;0;71;1;1;43;0;0;1;1;2;255;255;27.8;255;256.5;1.5;9.1;9.2;0;58;1;0;28;0.507142857;0.507142857
21;7230;0;1;1;1;72;4;1;44;0;0;1;1;2;255;255;14.3;1.4;14.4;2.9;5.9;6.6;0;63;0;0;28;0.414285714;0.414285714
22;7330;0;0;0;1;71;1;0;63;0;4;1;1;2;255;34.3;0.7;2.2;2.3;1.4;6.7;6.8;44;49;0;0;8;1.475;1.475
23;8005;1;0;1;0;74;1;1;54;1;1;1;0;0;60.5;67.7;29.7;1;29.7;1.4;8;8.1;53;47;1;0;20;0.655;0.655
24;8930;0;1;1;0;78;1;1;51;1;2;3;1;3;33.9;73.7;38.7;1.2;38.7;2.5;4.3;5;72;59;1;0;27;0.37037037;0.37037037
25;9055;1;0;1;0;68;1;1;40;0;0;1;0;0;255;255;255;1.7;255;1;8.1;8.2;0;48;0;0;28;0.471428571;0.471428571
26;9580;0;1;0;1;71;1;1;47;1;2;1;0;0;28.5;67.9;23.3;0.8;23.3;1.2;15;15;61;45;0;0;24;0.833333333;0.833333333
27;9630;1;0;1;0;61;1;1;50;3;1;3;0;0;22.4;40.5;8.8;1.9;9;1.2;3.9;4.1;66;71;1;0;11;0.827272727;0.827272727
28;9680;0;1;0;0;63;1;1;66;2;1;1;0;0;25.2;39.1;17.4;1.2;17.4;2.5;2.6;3.6;72;62;1;0;-3;-2.866666667;0
29;9730;1;1;0;0;72;1;0;68;1;0;1;0;0;17.2;255;11.7;1.1;11.8;3;8.6;9.1;0;64;1;1;4;3.525;3.525
30;9880;0;1;1;0;82;1;1;55;1;0;0;1;2;48;255;255;255;360.6;2.6;8.4;8.8;0;0;1;0;27;0.511111111;0.511111111
31;9980;1;1;1;1;79;1;0;64;0;1;1;0;0;255;33.5;7.8;1.3;7.9;2.1;1.4;2.5;65;64;1;0;15;0.5;0.5
32;10180;1;1;0;0;78;1;0;53;1;0;1;0;0;11.6;255;8.7;1.6;8.8;2.4;2.1;3.2;0;67;0;0;25;0.328;0.328
33;10330;0;1;1;1;97;2;1;72;0;0;2;0;0;255;255;18.7;255;255.7;1.8;7.2;7.4;0;73;1;0;25;0.496;0.496
34;10355;1;0;1;0;83;1;1;61;0;1;2;0;0;255;58.9;40.2;1.5;40.2;0.9;4.8;4.9;60;97;1;0;22;0.45;0.45
35;11955;1;0;1;0;70;4;1;56;0;1;1;1;2;255;23.4;3.9;1.4;4.1;2;6.1;6.4;59;66;1;0;14;0.814285714;0.814285714
36;12105;1;1;0;0;68;1;0;59;1;0;4;1;3;69.6;255;12.6;1.5;12.7;2.6;13.7;13.9;0;56;1;0;9;2.1;2.1
37;12180;0;0;1;1;87;1;0;64;0;0;1;0;0;255;255;1.5;2.7;3.1;1.3;4.2;4.4;0;76;1;0;23;0.408695652;0.408695652
38;12505;0;1;1;0;82;1;0;53;1;0;0;0;0;255;255;255;255;360.6;3.1;2.3;3.9;0;0;1;0;29;0.306896552;0.306896552
39;12605;0;0;0;1;70;1;0;63;0;1;1;1;2;255;48.5;19;0.9;19;1.8;11;11.1;50;72;1;0;7;2.3;2.3
40;12755;1;1;0;0;68;1;0;58;1;1;1;1;2;49.7;67.5;7.4;1.8;7.6;3.7;9.7;10.4;58;60;1;0;10;1.54;1.54
41;12855;1;0;0;0;72;1;1;59;2;1;1;0;0;45.7;43.2;255;1.5;255;0.6;8.7;8.7;54;57;1;0;13;1.053846154;1.053846154
42;12880;0;1;1;0;75;1;1;60;1;2;1;0;0;26.7;19.3;3.3;1.5;3.6;1.6;1.9;2.5;65;66;1;0;15;0.5;0.5
43;12980;0;1;0;0;65;1;1;60;1;1;1;0;0;28.9;48.6;6.7;0.9;6.8;2.5;2.2;3.3;68;67;1;0;5;1.66;1.66
44;13055;1;0;1;0;76;1;1;50;0;1;1;0;0;255;94.2;72.3;1.5;72.3;1.1;11;11.1;65;54;1;0;26;0.619230769;0.619230769
45;13055;1;0;0;1;79;1;1;50;0;1;1;0;0;255;94.2;72.3;1.5;72.3;1.1;15.7;15.7;65;54;1;0;29;0.713793103;0.713793103
46;13480;0;0;1;0;74;1;1;45;0;1;1;0;0;255;61;11;1.2;11.1;0.8;9.1;9.1;58;45;1;0;29;0.486206897;0.486206897
47;13580;0;1;1;1;70;1;0;45;1;2;1;0;0;35.2;66.5;35.8;1.3;35.8;1.9;5.7;6;50;45;1;0;25;0.44;0.44
48;14980;0;1;1;0;82;2;1;74;2;0;2;0;0;42;255;30.3;255;256.8;3.6;1.7;4;0;67;1;0;8;1.125;1.125
49;15505;1;1;1;0;104;1;0;68;1;0;2;0;0;7.5;255;40.5;2.5;40.6;3.2;1.7;3.6;0;92;1;0;36;0.238888889;0.238888889
50;15705;1;0;0;0;85;1;1;72;0;1;1;0;0;255;14.1;255;1.7;255;0.9;5.5;5.6;78;78;1;0;13;0.815384615;0.815384615
51;16005;0;1;0;1;76;1;0;66;0;0;1;1;2;255;255;8;1.9;8.2;1.8;3.1;3.6;0;72;1;0;10;0.86;0.86
52;16130;1;0;1;0;84;1;1;67;0;1;0;0;0;255;255;255;255;360.6;1;6.5;6.6;81;0;1;0;17;0.682352941;0.682352941
53;18130;0;0;1;1;97;1;1;82;2;0;1;0;0;54.3;255;43.4;1.2;43.4;2.7;2.5;3.7;0;93;1;0;15;0.58;0.58
54;18380;0;1;1;1;113;1;1;77;0;0;4;1;2;255;255;60.4;1;60.4;2.6;15.6;15.8;0;62;1;0;36;0.577777778;0.577777778
55;18880;1;0;1;1;105;1;1;73;0;0;1;0;0;55.2;255;8.5;1.4;8.6;1.2;6.4;6.5;0;79;1;0;32;0.359375;0.359375
56;19080;0;0;1;1;90;4;1;62;1;0;1;0;0;33.4;255;2.8;1.6;3.2;2.4;4.6;5.2;0;79;1;0;28;0.364285714;0.364285714
57;19380;1;0;0;0;88;1;1;67;0;1;1;0;0;255;18.8;6.5;1.3;6.6;1;5.4;5.5;76;67;1;0;21;0.5;0.5
58;19805;0;0;1;1;98;1;1;69;1;1;0;1;2;33.2;255;255;255;360.6;2.3;6.6;7;73;0;1;0;29;0.413793103;0.413793103
59;19855;1;0;1;0;90;1;1;79;0;1;1;0;0;255;26.9;9.8;2.1;10;0.9;3.9;4;75;71;1;0;11;0.818181818;0.818181818
60;19905;0;1;1;0;94;1;1;68;0;0;2;0;0;255;255;6.4;255;255.1;1.8;1.6;2.4;0;91;1;0;26;0.284615385;0.284615385
61;20005;0;1;1;1;78;4;1;56;0;1;1;0;0;255;22.3;6.8;1.5;7;2.5;5.4;6;80;80;1;0;22;0.5;0.5
62;20230;0;1;1;0;84;1;1;59;1;1;1;0;0;17;37.8;1.8;1.8;2.5;2.7;5;5.7;72;80;1;0;25;0.428;0.428
63;20305;1;0;1;0;88;1;1;63;0;1;1;0;0;255;26.4;6.7;1;6.8;0.6;12.2;12.2;46;74;1;0;25;0.688;0.688
64;20655;0;0;1;1;87;1;1;58;0;1;1;1;2;255;18.8;9.2;1.8;9.4;1.9;4.6;5;62;64;1;0;29;0.344827586;0.344827586
65;21080;1;0;1;0;97;1;1;60;0;1;1;1;2;255;15.8;2.6;1.6;3.1;0.8;4.5;4.6;73;64;1;0;37;0.259459459;0.259459459
66;21380;0;1;1;0;107;2;1;65;1;1;1;0;0;25.9;61.5;24.8;1.8;24.9;3.2;6.6;7.3;84;72;1;0;42;0.292857143;0.292857143
67;22030;0;0;0;0;70;2;1;61;1;2;1;0;0;31.5;56.8;19;2.7;19.2;2.2;9.3;9.6;77;73;1;0;9;1.622222222;1.622222222
68;23655;1;0;1;0;81;1;1;54;0;0;1;0;0;255;255;8;2;8.2;0.9;3.4;3.5;0;67;1;0;27;0.314814815;0.314814815
69;23905;0;1;1;0;77;4;1;59;1;0;1;1;3;31.7;255;20.2;255;255.8;2.8;4.7;5.5;0;63;1;0;18;0.583333333;0.583333333
70;23905;0;1;0;0;79;4;1;59;1;0;1;1;3;31.7;255;20.2;255;255.8;2.5;11.6;11.9;0;74;1;0;20;0.845;0.845
71;24555;1;1;0;1;69;1;0;67;2;0;1;0;0;18.1;255;5;1.5;5.2;3.5;7.2;8;0;76;1;0;2;6.5;6.5
72;24555;0;0;0;0;70;1;0;67;2;0;1;0;0;38.6;255;5;1.5;5.2;0.1;14.1;14.1;0;76;1;0;3;6.366666667;6.366666667
73;24805;0;1;0;0;98;1;1;76;0;1;1;0;0;255;92.9;15;1.6;15.1;1.9;11.9;12.1;63;78;1;0;22;0.777272727;0.777272727
74;25080;1;0;1;1;86;1;1;73;4;1;1;0;0;57.5;49.5;19.4;1.2;19.4;1.3;3.2;3.5;71;70;1;0;13;0.653846154;0.653846154
75;25105;0;1;1;1;73;4;1;57;1;0;1;0;0;17.1;255;3.2;1.5;3.5;2.2;5;5.5;0;71;0;0;16;0.65625;0.65625
76;25605;1;1;0;1;77;1;0;73;1;1;1;0;0;13.2;54.2;21.6;1.8;21.7;3.1;3;4.3;70;61;1;0;4;2.325;2.325
77;25980;0;0;0;0;66;1;0;63;1;1;1;1;2;17.2;31.3;10.6;0.8;10.6;1.9;9.3;9.5;55;72;1;0;3;4.833333333;4.833333333
78;27055;1;0;0;0;81;2;1;71;0;1;1;0;0;255;53.8;46;2;46;1.6;5.2;5.4;58;72;1;0;10;1.04;1.04
79;27355;1;0;1;0;91;2;1;76;2;4;1;0;0;26.3;37.3;21.7;1.7;21.8;0.1;7.2;7.2;61;69;0;0;15;0.813333333;0.813333333
80;27380;1;0;0;0;76;1;1;72;1;4;1;0;0;54.3;41;0.1;2;2;1.3;12.8;12.9;61;69;1;0;4;4.475;4.475
81;27780;1;1;0;0;75;1;0;72;1;0;2;0;0;19.4;255;7.9;2.1;8.2;2.1;9;9.2;0;115;1;0;3;4.733333333;4.733333333
82;27980;1;1;1;0;85;1;0;65;0;0;1;0;0;255;255;72.7;0.5;72.7;2.7;0.9;2.8;0;76;1;0;20;0.39;0.39
83;28405;1;1;1;0;75;1;0;63;1;0;2;0;0;7.2;255;5.1;2.6;5.7;2.4;2.8;3.7;0;55;1;0;12;0.725;0.725
84;28830;1;0;1;1;103;1;1;69;0;0;1;0;0;255;255;4.1;1.6;4.4;1.2;4;4.2;0;82;1;0;34;0.270588235;0.270588235
85;29999;0;0;0;0;72;1;1;65;0;0;1;0;0;255;255;20.4;255;255.8;2.4;2.9;3.8;0;51;1;0;7;1.257142857;1.257142857
86;580;1;0;1;0;70;1;1;61;2;1;1;0;0;34.7;36.9;6.8;1.3;6.9;1.6;4;4.3;51;60;1;0;9;1.033333333;1.033333333
87;1105;1;0;1;1;73;1;1;57;1;2;1;0;0;65.5;33;255;1.6;255;1.1;4;4.1;79;73;1;0;16;0.56875;0.56875
88;1155;1;0;1;0;78;1;1;61;1;1;1;0;0;53.4;62.5;20.2;1.1;20.2;1.1;7.3;7.4;56;67;1;0;17;0.729411765;0.729411765
89;1355;1;1;0;0;80;1;0;76;0;1;1;0;0;255;65.6;16.3;255;255.5;2.2;7.5;7.8;62;0;1;0;4;3.2;3.2
90;1655;1;1;0;0;78;1;0;75;1;1;1;0;0;13.9;103.2;44.5;0.9;44.5;3.2;3.6;4.8;65;68;1;0;3;3.266666667;3.266666667
91;1855;0;1;0;0;74;1;1;70;0;1;1;0;0;255;39.7;9.1;1.2;9.2;2.5;2.3;3.4;71;73;1;0;4;2.1;2.1
92;2955;0;0;1;0;76;1;0;61;0;0;1;0;0;255;255;14.9;1.2;14.9;1.4;4.1;4.3;0;0;1;0;15;0.62;0.62
93;3330;0;1;1;1;88;1;1;69;2;0;1;0;0;56.2;255;73.3;2.2;73.3;3.1;2.5;4;0;88;1;0;19;0.473684211;0.473684211
94;3530;1;1;0;0;83;1;0;87;0;0;1;0;0;255;255;59.7;1.4;59.7;2.7;7.2;7.7;0;76;1;0;-4;-3.175;0
95;4680;0;1;1;0;80;1;1;57;0;0;0;0;0;255;255;255;255;360.6;2.9;1.7;3.4;0;0;1;0;23;0.365217391;0.365217391
96;6055;0;0;1;0;74;1;0;62;2;1;1;0;0;56.5;89;27.6;0.8;27.6;1.4;13.2;13.3;48;69;1;0;12;1.525;1.525
97;6405;0;0;0;1;70;1;0;69;0;1;3;0;0;255;72.6;1;2.1;2.3;0.4;7.2;7.2;0;59;1;0;1;12.2;12.2
98;6730;0;0;1;0;93;1;0;74;0;1;3;0;0;255;86.8;15.1;2.1;15.2;1.2;13.1;13.2;79;68;1;0;19;0.957894737;0.957894737
99;6880;0;1;1;1;110;2;1;76;1;1;1;0;0;12.6;65.3;29.5;0.8;29.5;2.1;1.9;2.8;71;74;1;0;34;0.229411765;0.229411765
100;6880;1;0;0;0;69;2;1;76;1;0;2;0;0;12.6;255;19;1.8;19.1;1.7;1;2;0;53;1;0;-7;-1;0
101;6930;1;1;1;0;97;1;0;80;1;0;1;0;0;37.4;255;7.2;255;255.1;2.1;2.3;3.1;0;71;1;0;17;0.476470588;0.476470588
102;6930;0;0;1;0;114;1;0;85;0;1;2;0;0;255;61;30.1;0.9;30.1;1.2;12.3;12.4;66;97;1;0;29;0.6;0.6
103;7405;0;0;0;0;70;1;0;75;0;2;1;0;0;255;38.8;9.5;1.5;9.6;0.5;13.7;13.7;61;77;1;0;-5;-3.74;0
104;8605;1;1;1;0;69;2;1;50;0;1;0;0;0;255;255;255;255;360.6;1.9;2.7;3.3;82;0;1;0;19;0.436842105;0.436842105
105;8955;0;1;1;1;88;1;1;77;2;0;1;0;0;18.8;255;35.5;255;257.5;3;4;5;0;81;1;0;11;0.909090909;0.909090909
106;9730;1;1;0;0;65;1;0;61;1;0;1;1;3;55.4;255;2.9;2;3.5;2.3;11.9;12.1;0;89;1;0;4;4.275;4.275
108;10205;0;0;0;0;79;1;0;77;2;4;1;0;0;27.8;69.8;21.3;1.4;21.3;1;13.7;13.7;59;72;1;0;2;9.35;9.35
109;10280;1;0;0;0;80;4;1;65;2;0;1;0;0;33.5;255;255;1.3;255;2.4;4.3;4.9;65;77;1;0;15;0.66;0.66
110;10355;1;0;1;0;71;2;1;64;1;1;1;1;2;19.3;11.6;0.6;2.6;2.7;1.1;3.8;4;75;65;1;0;7;1.285714286;1.285714286
111;10505;1;0;0;0;76;3;1;68;2;1;1;0;0;35.2;15.1;0.3;1.6;1.6;0.3;6.5;6.5;68;71;1;0;8;1.4375;1.4375
112;10505;1;1;0;1;68;1;0;71;1;2;1;0;0;17.8;15.3;4.1;1.1;4.2;2.3;1.9;3;76;66;1;0;-3;-2.666666667;0
113;10555;1;1;1;1;82;1;1;65;2;0;2;0;0;25.8;255;10.3;0.3;10.3;3;6.4;7.1;0;76;1;0;17;0.711764706;0.711764706
114;12530;0;1;1;1;64;2;1;54;1;1;1;0;0;26.2;46.1;7.8;2.2;8.1;2.8;1.6;3.2;81;54;1;0;10;0.82;0.82
115;12855;0;1;1;1;91;2;1;61;0;1;1;1;2;255;57.7;19.1;1.6;19.2;1.9;7.7;7.9;57;91;1;0;30;0.43;0.43
116;12855;0;0;1;0;87;1;0;58;1;1;2;0;0;30.5;30.1;2.7;1.2;3;2;4.1;4.6;59;91;1;0;29;0.331034483;0.331034483
117;13155;0;0;0;1;74;1;0;67;1;1;1;1;2;34.1;18.6;255;1.7;255;1.2;8;8.1;66;67;1;0;7;1.871428571;1.871428571
118;13705;1;0;0;1;70;4;1;66;1;1;1;0;0;48.8;118.2;36.6;1.2;36.6;2.1;6.4;6.7;58;60;1;0;4;2.925;2.925
119;13805;1;0;1;0;78;1;1;61;2;1;3;0;0;20.5;60.9;37.8;0.8;37.8;0.7;12;12;61;62;1;0;17;1;1
120;15530;0;1;1;1;97;1;1;79;2;0;1;0;0;27.6;255;47.5;1.2;47.5;3.2;3;4.4;0;95;1;0;18;0.522222222;0.522222222
121;15665;0;1;1;0;100;2;1;69;1;1;2;0;0;33.1;65;28.4;1.6;28.4;2.3;5;5.5;67;92;1;0;31;0.338709677;0.338709677
122;15865;1;0;1;1;93;2;1;66;1;1;1;1;2;26.8;13.7;5.1;2;5.5;0.8;4.6;4.7;70;80;1;0;27;0.359259259;0.359259259
123;16965;0;1;1;0;81;1;1;56;0;0;0;0;0;255;255;255;255;360.6;2.7;5.8;6.4;0;0;1;0;25;0.456;0.456
124;18365;0;1;1;1;108;1;1;79;3;0;0;0;0;46.6;255;255;255;360.6;3.1;3;4.3;0;0;1;0;29;0.320689655;0.320689655
125;18390;1;1;1;1;100;3;1;82;2;0;3;0;0;57.8;255;44.3;255;258.8;2.6;8.5;8.9;0;110;1;0;18;0.772222222;0.772222222
126;18640;0;1;1;1;95;3;0;105;0;2;0;0;0;255;255;255;255;360.6;1.9;3;3.6;70;0;1;0;-10;-0.86;0
127;18765;1;0;1;1;88;2;1;65;1;1;1;0;0;12.2;32;19.3;2.8;19.5;2.1;1.2;2.4;74;76;1;0;23;0.32173913;0.32173913
128;19090;1;0;0;1;58;1;0;51;1;0;1;0;0;8.1;255;15.6;0.6;15.6;2.4;3.4;4.2;0;80;1;0;7;1.314285714;1.314285714
129;20965;0;0;1;1;75;2;1;51;0;1;0;0;0;255;255;255;255;360.6;1.1;4.6;4.7;56;0;1;0;24;0.404166667;0.404166667
130;21390;1;0;1;0;68;1;1;52;0;1;1;0;0;255;93.3;70.1;1.4;70.1;0.8;6.9;6.9;51;81;1;0;16;0.74375;0.74375
131;21590;1;1;0;0;92;1;0;82;1;2;1;0;0;20.4;41.6;18.2;255;255.6;3.1;2.8;4.2;92;74;1;0;10;0.92;0.92
132;21640;1;1;0;1;92;1;0;74;1;2;2;0;0;19.3;21.6;2.3;0.8;2.4;2.1;3.3;3.9;84;84;1;0;18;0.494444444;0.494444444
133;21890;1;0;0;0;95;1;1;93;0;0;1;0;0;255;255;1.1;1.6;1.9;0.4;7.7;7.7;0;82;0;0;2;6.35;6.35
134;22015;0;1;0;1;92;1;1;82;0;0;0;0;0;255;255;255;255;360.6;2.9;1.7;3.4;0;0;1;0;10;0.84;0.84
135;22090;0;0;1;0;96;1;0;68;1;0;3;0;0;17.5;255;20.4;0.8;20.4;1.3;4.8;5;0;95;1;0;28;0.357142857;0.357142857
136;22140;0;1;1;1;91;1;1;70;2;0;0;0;0;35.7;255;255;255;360.6;2.9;5;5.8;0;0;1;0;21;0.514285714;0.514285714
137;22565;0;1;0;0;87;1;1;86;1;1;1;0;0;28.8;55.4;5;1.1;5.1;1.9;10.4;10.6;89;62;1;0;1;15.6;15.6
138;22715;0;1;0;0;74;1;1;71;0;1;1;0;0;255;40.2;11.5;255;255.3;3.1;2.3;3.9;75;75;1;0;3;2.966666667;2.966666667
139;22754;1;1;0;0;68;1;0;77;0;0;1;0;0;255;255;21.2;1.8;21.3;2.3;6.5;6.9;0;78;1;0;-9;-1.322222222;0
140;23940;0;1;0;0;74;1;0;65;0;0;0;1;2;255;255;255;255;360.6;1.8;11.3;11.4;0;0;0;0;9;1.822222222;1.822222222
141;24015;0;1;1;0;76;2;1;62;1;1;0;0;0;28;255;255;255;360.6;1.8;2.1;2.8;69;0;1;1;14;0.557142857;0.557142857
142;24465;0;1;0;0;83;1;1;78;0;0;0;0;0;255;255;255;255;360.6;1.3;7.8;7.9;0;0;1;0;5;2.58;2.58
143;24590;0;0;1;1;99;2;1;80;0;0;1;0;0;255;255;6.4;2.2;6.8;2.4;4.7;5.3;0;95;1;0;19;0.542105263;0.542105263
144;25165;1;0;0;0;59;1;1;56;2;1;1;1;2;57.9;25.7;255;1.4;255;0.4;10.8;10.8;64;66;1;0;3;5.266666667;5.266666667
145;25940;0;0;0;0;95;2;0;87;0;0;1;0;0;255;255;7.4;2;7.7;1.4;1;1.7;0;83;1;0;8;0.8375;0.8375
146;27490;0;0;1;1;130;1;0;100;4;2;0;0;0;51;255;255;255;360.6;0.9;7.7;7.8;85;0;1;0;30;0.426666667;0.426666667
147;27715;0;0;1;1;103;1;1;69;2;1;1;0;0;26.7;22.3;255;1.4;255;0.9;5.1;5.2;79;75;1;0;34;0.3;0.3
148;27790;1;0;0;0;76;1;1;75;0;1;1;1;2;26.8;21.5;2.9;1.4;3.2;0.3;9.9;9.9;85;86;1;0;1;14.9;14.9
149;28840;0;1;1;0;85;1;1;64;1;0;1;0;0;16.3;49.9;30.4;0.7;30.4;2.6;3.3;4.2;70;67;1;0;21;0.438095238;0.438095238
150;28965;0;1;1;0;93;1;0;69;1;0;2;0;0;18.8;255;18.1;1.5;18.2;2.3;5.5;6;0;89;1;0;24;0.458333333;0.458333333
151;29949;1;0;1;1;78;1;1;60;1;0;0;0;0;61.5;255;255;255;360.6;2.1;13.2;13.4;62;0;1;0;18;1.022222222;1.022222222
152;155;0;1;1;1;158;2;1;83;0;0;0;0;0;255;255;255;255;360.6;2.7;19;19.2;0;0;1;0;75;0.322666667;0.322666667
153;580;1;1;0;0;93;1;0;89;1;0;2;0;0;21.5;255;40.6;2.1;40.7;3.4;4;5.2;0;75;1;0;4;2.55;2.55
154;755;1;1;0;0;95;1;0;89;0;0;3;0;0;255;255;4.9;1.2;5;2.6;11.4;11.7;0;95;1;0;6;2.783333333;2.783333333
155;1130;1;1;0;0;69;1;0;63;1;1;1;0;0;16.7;38.5;17.1;1.4;17.2;3.2;6.7;7.4;69;70;1;0;6;2.066666667;2.066666667
156;3380;0;1;0;0;98;2;1;87;0;0;0;0;0;255;255;255;255;360.6;2.7;14.5;14.7;0;0;1;0;11;1.790909091;1.790909091
157;3580;1;1;0;0;78;1;0;74;1;0;0;0;0;29.4;255;255;255;360.6;3;12.8;13.1;0;0;1;0;4;4.525;4.525
158;3599;1;1;0;0;78;1;0;75;0;0;2;0;0;255;255;12.8;2.3;13;2.4;3;3.8;0;78;1;0;3;2.933333333;2.933333333
159;3599;1;0;1;1;115;2;1;78;0;1;1;0;0;255;35.5;9.8;0.5;9.8;1;3.8;3.9;70;80;1;0;37;0.240540541;0.240540541
160;3649;1;1;1;0;98;1;0;73;0;0;2;0;0;255;255;9.6;2.8;10;2.2;5;5.5;0;58;0;0;25;0.42;0.42
161;4774;1;0;0;0;83;1;1;76;0;0;1;0;0;255;255;16.1;0.8;16.1;0.2;11.6;11.6;0;84;0;0;7;2.371428571;2.371428571
162;6074;1;1;0;0;69;1;0;63;0;0;1;0;0;255;255;5.1;1.7;5.4;2.6;6.9;7.4;0;77;1;0;6;2.066666667;2.066666667
163;6300;1;1;1;1;100;1;0;76;1;0;2;0;0;25.3;255;23.4;1.8;23.5;2.8;1.1;3;0;109;1;0;24;0.333333333;0.333333333
164;6500;0;1;1;1;100;2;1;85;0;0;0;0;0;255;255;255;255;360.6;2.3;7.2;7.6;0;0;1;0;15;0.84;0.84
165;6600;1;0;1;0;68;2;1;54;1;0;0;0;0;16.6;255;255;255;360.6;2.2;2.7;3.5;0;0;1;0;14;0.607142857;0.607142857
166;6725;0;1;0;0;83;1;1;65;1;0;1;0;0;10.9;255;27.2;1.1;27.2;2;5.6;5.9;0;79;1;0;18;0.605555556;0.605555556
167;7075;1;0;0;1;68;1;1;65;0;1;0;0;0;255;255;255;255;360.6;0.8;9.4;9.4;69;0;1;0;3;4.8;4.8
168;7375;1;0;1;0;93;1;0;85;1;1;0;0;0;25.3;255;255;255;360.6;1.2;12.2;12.3;55;0;1;0;8;2.1625;2.1625
169;1150;0;1;0;0;68;4;1;70;1;1;0;0;0;32;255;255;255;360.6;3.3;9.7;10.2;62;0;1;0;-2;-7.6;0
171;1225;1;1;0;0;71;1;1;70;0;1;1;0;0;255;13.4;4.7;1.4;4.9;0.6;10.3;10.3;66;65;1;0;1;15.3;15.3
172;1375;1;1;1;1;94;1;0;66;0;0;2;0;0;255;255;28.2;0.4;28.2;2.3;7.8;8.1;0;75;1;0;28;0.467857143;0.467857143
173;1400;1;0;0;1;75;1;1;58;0;1;1;0;0;255;62.3;255;1.5;255;1.5;13.8;13.9;66;68;1;0;17;1.111764706;1.111764706
174;1475;0;1;1;1;108;1;1;66;3;0;1;0;0;20.9;255;85.9;1.6;85.9;3;2.9;4.2;0;66;1;1;42;0.219047619;0.219047619
175;1575;1;0;1;1;84;1;1;66;0;0;3;0;0;255;255;25.2;1.6;25.3;0.9;10.6;10.6;0;97;0;0;18;0.866666667;0.866666667
176;2275;0;1;1;1;82;1;1;68;1;1;1;0;0;43;67.8;36.1;1.6;36.1;3.1;5.1;6;70;75;1;0;14;0.785714286;0.785714286
177;2975;0;1;1;0;91;4;1;50;1;0;1;0;0;16.8;255;3.2;1.1;3.4;3.7;4.8;6.1;0;76;1;0;41;0.270731707;0.270731707
178;3500;0;1;1;0;83;2;1;64;0;0;0;0;0;255;255;255;255;360.6;2.8;3.8;4.7;0;0;0;0;19;0.510526316;0.510526316
179;3900;0;0;0;0;75;1;0;72;1;1;1;0;0;23.7;24.6;9.5;1.4;9.6;1;2.5;2.7;60;61;1;0;3;2.566666667;2.566666667
180;4325;1;1;1;1;90;2;1;69;0;0;1;1;2;255;255;24.2;1.8;24.3;2;4.7;5.1;0;76;1;0;21;0.480952381;0.480952381
181;4400;1;1;1;1;93;2;1;57;2;0;1;1;2;17.5;255;13.3;2.1;13.5;2.5;5.3;5.9;0;82;1;0;36;0.302777778;0.302777778
182;4475;0;1;0;1;93;3;1;90;0;0;3;0;0;255;255;50.5;1.1;50.5;1.7;14;14.1;0;83;1;0;3;6.366666667;6.366666667
183;4575;1;0;1;0;103;2;1;75;2;3;1;0;0;19.9;41.7;9.1;1.6;9.2;1.4;4;4.2;69;86;1;0;28;0.328571429;0.328571429
184;4650;1;1;1;1;90;2;1;75;0;0;2;0;0;255;255;23.2;255;256.1;3.7;2.7;4.6;0;86;0;1;15;0.64;0.64
185;4750;1;0;0;0;75;2;1;67;0;1;2;0;0;255;13.7;4.6;2.8;5.4;0.9;3;3.1;69;78;1;1;8;1.0125;1.0125
186;4775;0;1;1;0;78;3;1;61;2;1;0;0;0;9.8;255;255;255;360.6;2.2;1.7;2.8;69;0;1;0;17;0.458823529;0.458823529
187;4800;0;0;0;1;79;1;0;73;0;0;2;0;0;255;255;0.6;1.7;1.8;1.6;0.9;1.8;0;71;1;0;6;1.133333333;1.133333333
188;4975;1;0;0;0;59;1;1;57;1;1;1;0;0;45.7;26;4.1;1.7;4.4;0.3;6.1;6.1;66;72;0;0;2;5.55;5.55
189;4975;1;0;1;1;93;1;1;68;1;1;1;1;2;34.6;21.3;6.9;1.4;7;0.7;2.4;2.5;73;69;1;0;25;0.3;0.3
190;5025;0;0;1;1;93;1;0;66;1;1;2;0;0;21;24.9;9.1;2.1;9.3;1.3;2.5;2.8;62;53;1;0;27;0.288888889;0.288888889
192;5300;1;1;0;0;73;1;0;72;1;0;1;0;0;18.8;255;32.8;2.1;32.9;3.2;0.8;3.3;0;79;1;0;1;8.3;8.3
193;5875;1;0;1;0;90;2;1;63;1;1;1;0;0;49.9;32.9;19.8;2.7;20;1.3;6.9;7;68;69;1;0;27;0.444444444;0.444444444
194;6225;0;1;1;0;78;1;1;56;4;0;1;0;0;29.4;255;3.3;1.3;3.5;1.9;1.8;2.6;0;83;1;0;22;0.345454545;0.345454545
195;7150;0;1;1;0;75;2;1;53;0;0;1;0;0;255;255;27.1;2.1;27.2;2.9;3.1;4.2;0;86;1;0;22;0.418181818;0.418181818
196;7325;0;1;1;1;98;1;1;62;0;0;1;0;0;255;255;7.7;1.5;7.8;2.8;8.4;8.9;0;80;1;0;36;0.386111111;0.386111111
197;7725;0;0;1;1;81;1;0;69;0;0;0;0;0;255;255;255;255;360.6;1;7.4;7.5;0;0;1;0;12;1.041666667;1.041666667
198;8025;1;0;0;1;88;1;1;81;0;3;1;0;0;255;45.1;1.8;1.6;2.4;1;15;15;74;89;1;0;7;2.857142857;2.857142857
199;8275;0;1;1;1;95;1;1;67;1;1;1;0;0;33.9;90.9;45.5;1.4;45.5;3;13.2;13.5;59;71;1;0;28;0.660714286;0.660714286
200;10425;0;1;1;1;92;1;1;74;0;3;1;0;0;255;89.2;41.6;1.4;41.6;2.9;14.2;14.5;78;89;1;0;18;1.083333333;1.083333333
201;10675;1;0;0;1;73;1;1;75;0;1;0;0;0;255;255;255;255;360.6;0.8;14.8;14.8;80;0;1;0;-2;-9.9;0
202;10725;0;1;1;0;66;2;1;49;1;0;1;0;0;5.2;255;65.8;1.6;65.8;2.1;4;4.5;0;80;1;0;17;0.558823529;0.558823529
204;10875;0;1;1;1;87;1;1;58;2;0;1;0;0;7.1;255;255;1.7;255;2.3;4.5;5.1;0;81;1;0;29;0.348275862;0.348275862
205;11050;1;0;0;0;83;1;1;78;1;1;1;0;0;53.1;50.7;31.6;1.1;31.6;0.7;14.8;14.8;76;80;1;0;5;3.96;3.96
206;11100;1;0;1;0;75;1;1;68;1;1;2;0;0;21.5;40.1;35.5;1.7;35.5;1.6;2.8;3.2;69;77;0;0;7;1.171428571;1.171428571
207;11325;0;0;1;0;64;4;0;65;1;1;1;0;0;41.6;48.1;26.4;1.2;26.4;0.7;8.4;8.4;56;66;1;0;-1;-13.4;0
208;11325;0;0;0;0;87;4;0;65;1;1;1;0;0;41.6;48.1;26.4;1.2;26.4;0.7;13.6;13.6;56;66;1;0;22;0.845454545;0.845454545
209;11650;1;0;0;0;75;1;1;64;0;1;1;0;0;255;33.2;15.5;1.2;15.5;0.3;13.8;13.8;73;84;1;0;11;1.709090909;1.709090909
210;11850;1;0;0;0;74;1;1;68;0;1;1;0;0;255;36.6;14.2;0.6;14.2;14.5;0.8;14.5;76;74;1;0;6;3.25;3.25
211;11900;1;1;1;0;98;4;0;85;0;0;0;0;0;255;255;255;255;360.6;3.2;5;5.9;0;0;1;0;13;0.838461538;0.838461538
212;13250;0;1;1;1;126;1;1;51;2;0;3;1;2;255;255;76.8;1.4;76.8;2.5;5.1;5.7;0;109;1;0;75;0.142666667;0.142666667
214;13500;1;0;1;0;89;2;1;58;0;0;1;0;0;255;255;2.7;2.2;3.5;1.1;3.5;3.7;0;96;1;0;31;0.280645161;0.280645161
215;13725;0;1;1;0;93;2;1;51;2;0;1;1;2;12;255;255;3.1;255;1.6;3.5;3.8;0;70;1;0;42;0.20952381;0.20952381
216;13875;1;1;0;0;68;2;1;53;2;1;1;1;2;28.7;74;24.7;3.3;24.9;1.9;9.6;9.8;69;80;1;0;15;0.986666667;0.986666667
217;14075;0;1;0;0;76;4;1;59;0;1;1;0;0;255;33.9;3.3;1;3.4;2.7;5.5;6.1;74;79;1;0;17;0.652941176;0.652941176
218;14225;1;0;1;0;96;2;0;51;1;1;1;0;0;10.9;23.4;255;2.2;255;1.8;5.9;6.2;66;69;1;0;45;0.248888889;0.248888889
219;15050;1;0;1;0;82;1;1;57;1;1;1;0;0;29.7;54.9;4.1;1.2;4.3;1.8;6.8;7;56;73;1;0;25;0.48;0.48
220;15450;0;1;1;0;93;3;1;66;1;0;0;0;0;33.1;255;255;255;360.6;2.7;5.4;6;0;0;1;0;27;0.407407407;0.407407407
221;16700;0;0;0;0;93;1;0;79;0;2;2;0;0;83.2;18.5;255;2;255;0.9;14;14;85;65;1;0;14;1.357142857;1.357142857
222;16900;1;0;1;0;69;2;1;57;0;0;1;0;0;255;255;34.4;2.8;34.5;1.5;3.3;3.6;0;79;1;0;12;0.716666667;0.716666667
223;17000;1;0;0;0;82;2;1;71;0;0;1;0;0;255;255;7.8;2.8;8.3;1.5;3;3.4;0;90;0;0;11;0.763636364;0.763636364
224;17075;1;1;1;0;76;1;1;60;0;0;1;0;0;255;255;1.7;1.5;2.3;1.8;3;3.5;0;80;1;0;16;0.53125;0.53125
225;17150;0;0;0;0;76;1;0;78;0;1;2;0;0;255;15.4;255;1.5;255;0.9;12.7;12.7;62;71;1;0;-2;-8.85;0
226;17500;1;0;1;1;97;1;1;69;2;1;1;0;0;62.6;54.3;35.3;1.1;35.3;1.8;3;3.5;60;84;1;0;28;0.303571429;0.303571429
227;19025;0;1;1;0;85;2;1;75;2;1;1;0;0;11.5;55.7;6.5;255;255.1;2;3;3.6;61;71;1;0;10;0.86;0.86
228;19625;0;1;1;1;85;1;1;60;2;0;1;0;0;6.9;255;39;1.5;39;2.6;3.8;4.6;0;86;1;0;25;0.384;0.384
229;19675;0;1;1;0;90;1;1;59;0;0;3;0;0;255;255;26.3;1.4;26.3;2.8;4.4;5.2;0;103;0;0;31;0.329032258;0.329032258
230;19775;0;1;0;1;83;2;1;73;1;1;0;0;0;38.6;55.8;15.9;255;255.5;0.8;7.3;7.3;76;78;1;0;10;1.23;1.23
231;19775;1;0;0;0;76;1;1;78;2;1;0;0;0;31.7;255;255;255;360.6;0;14.8;14.8;81;0;1;0;-2;-9.9;0
232;19950;0;1;0;0;77;1;0;75;0;2;2;0;0;255;35;1.6;2.6;3.1;2.3;9.5;9.8;70;51;1;0;2;7.4;7.4
233;20075;0;1;1;1;85;4;1;51;0;0;1;0;0;255;255;1.5;0.9;1.7;2.5;8.6;9;0;76;1;0;34;0.411764706;0.411764706
234;20825;1;0;0;1;64;1;1;59;0;0;1;0;0;255;255;19.7;1.6;19.8;9.6;0.2;9.6;0;82;1;0;5;2.92;2.92
235;22175;1;0;1;0;79;2;1;58;0;0;1;0;0;255;255;24.1;1.8;24.2;1.6;3.9;4.2;0;76;1;0;21;0.438095238;0.438095238
236;22325;0;1;1;1;113;4;1;49;0;0;0;0;0;255;255;255;255;360.6;3.1;4.7;5.6;0;0;1;0;64;0.165625;0.165625
237;22475;0;1;1;0;89;4;1;49;1;0;0;1;2;44.9;255;255;255;360.6;2.7;6.1;6.7;0;0;1;0;40;0.2925;0.2925
238;22700;1;0;1;1;76;1;1;42;2;1;1;0;0;11.9;43.3;10.8;1;10.8;0.6;4.8;4.8;56;68;1;0;34;0.288235294;0.288235294
239;22800;1;0;0;0;48;1;1;50;0;1;1;1;2;255;61.7;36.9;1.3;36.9;0.7;6.5;6.5;71;76;1;0;-2;-5.75;0
240;22800;1;0;1;0;87;1;1;50;2;1;1;1;2;6.5;61.7;36.9;1.3;36.9;1.1;4.6;4.7;71;76;1;0;37;0.262162162;0.262162162
241;22925;0;1;0;1;77;1;1;58;2;1;1;0;0;8.8;38.9;255;1.5;255;2.2;1.6;2.7;65;83;1;0;19;0.405263158;0.405263158
242;23550;1;0;0;0;76;4;1;73;0;0;1;0;0;255;255;5.9;0.9;6;0.2;4.9;4.9;0;75;1;0;3;3.3;3.3
243;25050;1;1;0;0;76;1;0;81;1;1;0;0;0;44.8;255;255;255;360.6;3.5;1.9;4;0;100;1;0;-5;-1.8;0
244;25350;1;0;1;0;100;2;1;72;2;0;0;0;0;56.8;255;255;255;360.6;0.5;11;11;0;0;1;0;28;0.571428571;0.571428571
245;25375;0;1;1;0;95;2;1;59;0;0;2;0;0;255;255;53.3;1.8;53.3;1.9;5.3;5.6;0;100;1;0;36;0.294444444;0.294444444
246;25650;1;1;1;0;85;2;1;62;0;1;0;0;0;255;255;255;255;360.6;1.1;3.8;4;66;0;1;0;23;0.391304348;0.391304348
247;25825;0;1;1;0;92;2;1;69;0;0;1;0;0;255;255;6.1;3.2;6.9;2.9;1.5;3.3;0;97;1;0;23;0.360869565;0.360869565
248;26125;1;0;1;0;75;1;1;53;1;1;1;0;0;17.4;28;15;1;15;0.8;3.5;3.6;58;70;1;0;22;0.390909091;0.390909091
249;28375;0;1;0;1;96;1;1;76;0;0;1;0;0;255;255;74.9;1;74.9;2.6;1.6;3.1;0;73;1;0;20;0.405;0.405
250;28650;1;1;0;0;88;2;1;57;0;1;0;0;0;255;255;255;255;360.6;1.4;9;9.1;76;0;1;0;31;0.45483871;0.45483871
251;29150;1;1;1;1;85;1;0;82;0;0;1;0;0;255;255;24.8;255;256.2;2.9;7.7;8.2;0;91;1;0;3;4.4;4.4
252;29700;0;1;1;0;73;1;1;57;0;0;0;0;0;255;255;255;255;360.6;2.8;5.2;5.9;0;0;1;0;16;0.68125;0.68125
253;900;1;0;1;1;78;1;1;62;4;0;1;0;0;49.8;255;72.9;255;265.2;0.3;13.2;13.2;0;80;1;0;16;1.1375;1.1375
254;1125;1;0;0;0;70;4;1;61;0;0;1;0;0;255;255;33.7;1.7;33.7;1.5;13.3;13.4;0;91;0;0;9;2.044444444;2.044444444
255;1225;0;1;0;0;85;1;1;71;0;0;2;0;0;255;255;37.7;255;257.8;2.1;14.7;14.8;0;70;1;0;14;1.414285714;1.414285714
256;1600;1;0;1;1;84;2;1;49;0;1;1;0;0;255;48.8;4.2;2.4;4.8;1;2.5;2.7;0;79;1;0;35;0.22;0.22
257;2075;0;1;0;0;86;1;0;83;0;0;1;0;0;255;255;57.4;1;57.4;1.7;10.9;11;0;85;1;0;3;5.333333333;5.333333333
258;2325;1;0;1;0;67;1;1;46;1;1;1;0;0;29.7;17.6;4.1;0.9;4.2;1.2;6.8;6.9;66;76;0;0;21;0.566666667;0.566666667
259;2975;1;1;1;1;87;1;0;57;0;0;1;0;0;255;255;57.6;255;261.4;2.5;5.4;6;0;66;1;0;30;0.366666667;0.366666667
260;3625;1;0;1;0;89;1;1;69;2;1;0;0;0;29.7;255;255;255;360.6;0.9;1.3;1.6;64;0;1;0;20;0.33;0.33
261;3775;1;1;0;1;65;1;0;69;0;0;1;0;0;255;255;35.7;0.8;35.7;3.4;6.4;7.2;0;69;1;0;-4;-3.05;0
262;3900;0;0;1;0;105;1;0;68;1;1;0;0;0;11.4;255;255;255;360.6;1.7;3.3;3.7;81;0;1;0;37;0.235135135;0.235135135
263;3925;1;0;1;1;109;1;1;66;0;1;1;0;0;255;23.2;13.5;255;255.4;1;3.3;3.4;81;67;1;0;43;0.195348837;0.195348837
264;3975;0;0;1;1;109;1;0;69;1;1;2;0;0;15.3;35.9;15.2;0.6;15.2;1.5;3.8;4.1;81;109;1;0;40;0.2275;0.2275
265;4850;1;0;1;0;87;2;1;61;1;1;1;0;0;8.7;24.8;2.3;2.6;3.5;1.2;3.4;3.6;71;74;1;0;26;0.330769231;0.330769231
266;5225;1;0;0;0;79;1;1;78;0;1;1;0;0;255;56;25.2;1.9;25.3;0.8;14.1;14.1;80;68;1;0;1;19.1;19.1
267;5450;0;1;0;0;71;1;1;70;1;0;1;0;0;20.6;255;45.9;1.8;45.9;2.7;4.2;5;0;82;1;0;1;10;10
268;7075;1;0;1;0;65;1;1;58;1;1;1;0;0;26;50.2;31.5;0.6;31.5;2.2;5.4;5.8;64;82;1;0;7;1.542857143;1.542857143
269;7250;1;0;0;0;65;2;1;61;1;1;1;0;0;24.3;86;42.3;0.4;42.3;2.3;5.2;5.7;70;72;1;0;4;2.675;2.675
270;7300;1;1;0;1;85;1;1;71;0;0;1;0;0;255;255;15.9;0.7;15.9;2.5;10.9;11.2;0;70;1;0;14;1.157142857;1.157142857
271;7425;0;1;0;0;94;3;1;90;0;0;0;0;0;255;255;255;255;360.6;2.8;1.2;3;0;0;1;0;4;2;2
272;7775;0;1;1;1;87;2;1;69;2;1;0;1;4;25.4;255;255;255;360.6;2.2;3.1;3.8;0;0;1;0;18;0.488888889;0.488888889
273;7950;0;0;0;0;80;1;1;74;0;1;1;0;0;255;46.9;21.8;0.8;21.8;0.2;9.9;9.9;94;86;0;0;6;2.483333333;2.483333333
274;8975;1;1;1;0;80;1;0;78;0;1;4;0;0;255;107.8;82.8;1.3;82.8;2.5;4.9;5.5;58;74;1;0;2;5.25;5.25
275;9000;1;1;0;0;80;1;0;74;1;1;4;0;0;15.3;111.3;58;1.9;58;1.9;13.4;13.5;58;0;1;0;6;3.083333333;3.083333333
276;9850;1;0;0;1;60;1;1;59;1;0;4;0;0;47;255;21.4;255;255.9;0.2;14.8;14.8;0;72;0;1;1;19.8;19.8
277;10075;1;0;1;0;74;2;1;58;0;0;2;0;0;255;255;25.8;255;256.3;0.7;5.7;5.7;0;0;1;0;16;0.66875;0.66875
278;10350;1;1;1;1;133;1;0;76;0;0;1;1;2;255;255;44.6;255;258.9;2.6;10.6;10.9;0;78;1;0;57;0.278947368;0.278947368
279;10625;1;0;1;0;81;2;1;76;0;1;0;0;0;255;255;255;255;360.6;1.4;5.7;5.9;80;0;1;0;5;2.18;2.18
280;10700;1;1;0;0;84;1;0;78;1;3;3;0;0;46.2;55.5;6.1;0.9;6.2;2.5;10.9;11.2;75;89;1;0;6;2.7;2.7
281;10775;1;0;1;1;81;1;1;70;1;1;1;1;2;17.3;29.2;16.4;0.9;16.4;0.8;3.3;3.4;55;76;1;0;11;0.763636364;0.763636364
282;10875;1;0;1;1;104;3;1;74;0;1;1;0;0;255;51.7;31.6;255;257;0.2;4.4;4.4;73;77;1;0;30;0.313333333;0.313333333
283;11550;1;1;0;0;91;1;0;81;1;0;1;0;0;22.3;255;30;0.3;30;3;3.2;4.4;0;89;1;0;10;0.94;0.94
284;12050;0;1;0;0;81;1;1;69;2;1;1;0;0;37.9;64;17.6;1.6;17.7;2.3;10.9;11.1;77;91;1;0;12;1.341666667;1.341666667
285;12050;1;1;1;0;94;1;0;77;3;2;1;0;0;7.4;69.9;37.7;1.2;37.7;2.6;2.6;3.7;81;66;1;0;17;0.511764706;0.511764706
286;12125;0;0;0;1;78;1;0;71;0;2;2;0;0;255;37.7;9.2;0.5;9.2;0.5;7;7;86;92;1;0;7;1.714285714;1.714285714
287;13025;0;1;1;1;129;1;1;69;0;0;0;0;0;255;255;255;255;360.6;2.4;8.1;8.4;0;0;1;0;60;0.223333333;0.223333333
288;13525;0;1;1;0;83;2;1;68;1;0;0;0;0;25.9;255;255;255;360.6;2.4;8.9;9.2;0;0;1;0;15;0.946666667;0.946666667
289;13675;1;0;0;0;70;2;1;71;0;1;0;0;0;255;255;255;255;360.6;1.1;11.9;12;0;91;0;1;-1;-17;0
290;14100;0;1;0;0;75;1;0;78;1;0;1;0;0;17.5;255;10.5;1.4;10.6;4.1;2.3;4.7;0;71;0;0;-3;-3.233333333;0
291;14100;1;0;1;0;68;1;1;53;4;1;1;0;0;19;8.5;255;1.3;255;0.8;1.6;1.8;62;82;1;0;15;0.453333333;0.453333333
292;14375;1;0;0;0;60;4;1;58;1;1;1;0;0;32.8;63.8;33.2;1.3;33.2;0.2;4.8;4.8;71;72;1;0;2;4.9;4.9
293;14450;1;0;1;0;72;1;0;62;1;0;1;0;0;20.1;255;1.8;1.5;2.3;2;2.2;3;0;67;1;0;10;0.8;0.8
294;14625;1;0;0;1;75;1;1;73;1;1;1;0;0;47.7;68.5;35.8;1.3;35.8;1.3;11.3;11.4;75;86;1;0;2;8.2;8.2
295;14625;0;1;1;1;67;1;1;63;1;0;1;0;0;6.4;255;36.6;255;257.6;3.2;3.6;4.8;0;60;1;0;4;2.45;2.45
296;16100;1;1;0;1;79;1;1;91;1;0;0;1;3;52;255;255;255;360.6;3.2;10.8;11.3;0;0;1;0;-12;-1.358333333;0
297;16350;0;1;1;1;108;2;1;36;0;0;0;0;0;255;255;255;255;360.6;4.2;13.4;14;0;0;1;0;72;0.263888889;0.263888889
298;16425;0;1;1;0;85;2;1;40;0;0;0;0;0;255;255;255;255;360.6;2.4;6.1;6.6;0;0;1;0;45;0.257777778;0.257777778
299;16550;0;1;1;0;79;3;1;65;2;1;1;1;2;24.8;97.7;32.1;0.9;32.1;2.6;4.8;5.5;76;83;1;0;14;0.75;0.75
300;1005;1;1;1;0;69;2;1;50;1;1;0;0;0;63.7;255;255;255;360.6;1.1;4.5;4.6;72;0;1;0;19;0.505263158;0.505263158
301;1180;0;1;1;0;89;1;1;73;4;0;1;0;0;62.5;255;40.2;1.1;40.2;3.3;3.2;4.6;0;81;1;0;16;0.6;0.6
302;1180;0;1;1;0;79;4;1;65;1;0;1;0;0;32.5;255;62.5;255;262.5;3.3;8;8.7;0;73;1;0;14;0.978571429;0.978571429
303;1655;0;1;1;1;96;2;1;59;0;0;0;0;0;255;255;255;255;360.6;4;14.4;14.9;0;0;1;0;37;0.537837838;0.537837838
305;2005;0;0;1;1;110;1;0;86;2;1;2;0;0;65.5;89.9;34.4;2.8;34.5;1.6;5.4;5.6;77;60;1;0;24;0.441666667;0.441666667
306;2080;0;1;1;0;89;1;1;78;1;0;1;0;0;63.3;255;56.6;1.2;56.6;3.1;6.3;7;0;83;0;0;11;1.090909091;1.090909091
307;2855;1;1;1;0;72;1;0;73;1;1;1;0;0;68;66;1.9;1.4;2.4;3.4;4.6;5.7;63;65;0;0;-1;-10.7;0
308;3655;0;1;1;1;87;1;1;58;0;0;0;0;0;255;255;255;255;360.6;2.9;5.5;6.2;64;89;1;0;29;0.386206897;0.386206897
309;4305;0;1;1;0;92;1;1;83;0;0;2;0;0;255;255;36.8;255;257.6;2.8;1.3;3.1;0;76;1;0;9;0.9;0.9
310;4430;1;1;1;1;82;1;0;70;1;0;1;0;0;47.6;255;17.4;255;255.6;3.2;6.5;7.2;0;86;1;0;12;1.016666667;1.016666667
311;4805;0;1;0;0;92;3;1;87;0;2;0;0;0;255;255;255;255;360.6;2.5;7.1;7.5;82;0;1;0;5;2.5;2.5
312;4830;1;1;0;0;74;1;0;76;3;0;0;1;2;7.2;255;255;255;360.6;3.5;9.1;9.7;0;0;1;0;-2;-7.35;0
313;4830;0;0;1;1;98;2;1;68;0;0;1;0;0;15;255;8.7;2.5;9.1;1.8;5.8;6.1;0;76;1;0;30;0.37;0.37
314;4930;1;1;1;1;104;1;0;76;0;2;0;0;0;255;255;255;255;360.6;2.7;4.7;5.4;77;0;1;0;28;0.371428571;0.371428571
315;4955;1;0;1;0;95;2;1;79;2;1;1;0;0;22.7;106.5;28.3;2.4;28.4;1.6;4.4;4.7;72;82;1;0;16;0.60625;0.60625
316;5105;0;1;1;0;82;2;1;63;1;1;1;0;0;26.4;44.7;4.6;1.8;4.9;1.5;3.1;3.4;78;68;1;0;19;0.442105263;0.442105263
317;5130;1;0;0;0;69;2;1;72;2;1;3;0;0;34.8;17.7;255;2.3;255;0.1;14.2;14.2;75;81;1;0;-3;-6.4;0
318;5130;0;1;0;1;81;2;1;72;2;1;1;0;0;14.2;37.9;13.6;1.4;13.7;2.4;2;3.1;75;76;1;0;9;0.9;0.9
319;5305;1;0;1;0;79;1;1;65;0;1;1;1;2;255;28.5;255;1.5;255;1.2;4.4;4.6;69;75;1;0;14;0.685714286;0.685714286
320;5555;1;0;0;1;86;1;0;84;0;0;1;0;0;255;255;37.7;255;257.8;1.2;9;9.1;0;83;1;0;2;7.05;7.05
321;5805;0;1;0;0;78;1;1;68;3;1;1;0;0;34.9;49.9;14.8;1.5;14.9;2.7;9.2;9.6;78;75;0;1;10;1.46;1.46
322;5830;1;1;0;1;73;1;0;75;1;1;1;0;0;13.2;107.9;26.9;1.3;26.9;3.3;2;3.9;70;68;1;1;-2;-4.45;0
323;6355;0;1;1;1;85;1;1;73;0;1;0;0;0;255;255;255;255;360.6;2.9;1.8;3.4;95;0;1;0;12;0.7;0.7
324;7655;1;0;0;1;96;1;0;83;1;2;1;0;0;69.7;81.5;255;1.7;255;1.8;14.9;15;98;79;1;0;13;1.538461538;1.538461538
325;7655;1;1;1;0;98;1;0;72;2;3;3;0;0;35.2;109.2;52.2;0.5;52.2;3.5;4.7;5.9;107;96;0;0;26;0.419230769;0.419230769
326;7705;1;1;1;1;114;2;0;94;1;2;2;0;0;50;90.1;38.3;255;257.9;2.2;3.4;4;84;98;1;0;20;0.45;0.45
327;7730;0;1;1;0;96;2;0;89;2;0;2;0;0;31.3;255;42.5;1.8;42.5;1.8;2.3;2.9;0;76;1;0;7;1.128571429;1.128571429
328;8130;1;0;1;0;92;2;1;56;0;0;4;0;0;255;255;255;2.2;255;1.6;4.9;5.2;0;84;1;0;36;0.283333333;0.283333333
329;10330;1;1;0;1;87;3;0;83;0;0;1;0;0;255;255;22.6;255;256;2.6;3.5;4.4;0;84;1;0;4;2.35;2.35
330;10680;0;1;1;1;98;1;1;70;0;1;3;0;0;255;255;82.6;1.6;82.6;3.1;6.5;7.2;0;105;1;0;28;0.435714286;0.435714286
331;10905;1;1;0;0;93;1;0;91;1;0;1;0;0;44.6;255;51.4;255;260.1;3.7;1.8;4.1;0;95;0;0;2;4.55;4.55
332;10930;1;0;1;0;95;1;1;79;0;0;1;0;0;255;255;15.7;1.4;15.8;1.6;3.1;3.5;0;90;1;0;16;0.53125;0.53125
333;11055;0;1;1;0;88;1;1;70;0;1;0;0;0;255;255;255;255;360.6;3.4;4.6;5.7;75;0;1;0;18;0.594444444;0.594444444
334;11155;1;1;0;0;76;1;0;75;1;1;1;0;0;19.2;70.6;36.8;2.1;36.9;3;5.4;6.2;78;70;1;0;1;11.2;11.2
335;11280;1;0;0;0;49;2;1;54;0;1;1;0;0;255;61.4;45;3.6;45.1;0.8;4.9;5;82;76;1;0;-5;-2;0
336;11330;1;0;1;1;115;2;1;89;1;1;1;0;0;11.9;34.3;15.7;1.4;15.8;0.6;6.5;6.5;86;86;1;0;26;0.442307692;0.442307692
337;11380;0;0;1;1;117;1;0;86;1;2;2;0;0;40.9;58.7;34.6;2;34.7;1.7;9.8;9.9;93;51;1;0;31;0.480645161;0.480645161
338;11455;1;1;1;1;96;1;0;81;1;0;1;0;0;10.1;255;26.6;1.2;26.6;3.1;2.5;4;0;58;1;0;15;0.6;0.6
339;11530;1;0;1;1;97;1;1;56;0;1;1;0;0;255;19.5;0.6;1.9;2;1;8.9;9;89;80;1;0;41;0.341463415;0.341463415
340;11780;0;1;1;1;103;4;1;67;3;1;1;0;0;15.1;113.3;38.6;1.1;38.6;3.1;2;3.7;81;76;1;0;36;0.241666667;0.241666667
341;11780;1;0;0;1;68;4;1;67;0;1;1;0;0;255;84.7;38.6;1.1;38.6;0.7;15;15;103;76;0;0;1;20;20
342;13680;1;0;1;1;78;1;1;55;3;1;1;0;0;5.9;5.7;2;4;4.5;1.7;1.9;2.5;51;52;0;0;23;0.326086957;0.326086957
343;13805;1;0;0;1;59;1;1;55;0;1;1;0;0;255;5.1;255;1.3;255;0.4;13.5;13.5;51;52;0;0;4;4.625;4.625
344;13805;0;1;1;0;69;3;1;59;0;2;1;0;0;255;27.2;2.6;2.2;3.4;1.5;6.1;6.3;79;51;0;0;10;1.13;1.13
345;13880;1;1;1;0;78;1;0;57;0;0;0;0;0;255;255;255;255;360.6;2.6;5.7;6.3;0;0;1;0;21;0.538095238;0.538095238
346;14330;1;0;0;0;62;1;1;59;1;1;1;0;0;16.2;17.3;255;1.4;255;0;5.1;5.1;71;70;1;0;3;3.366666667;3.366666667
347;14330;1;0;0;0;59;1;1;55;0;2;1;0;0;255;22.3;255;1.4;255;0.1;14;14;86;65;1;0;4;4.75;4.75
348;14330;0;1;1;0;82;2;1;59;0;1;1;0;0;255;42.5;13.6;2.2;13.8;2.1;3.3;3.9;66;68;0;0;23;0.386956522;0.386956522
349;15255;1;0;0;0;63;1;1;41;0;1;1;0;0;255;120.2;53.5;1.3;53.5;9.9;0.4;9.9;85;78;0;0;22;0.677272727;0.677272727
350;16180;0;0;1;0;96;1;0;68;0;0;0;0;0;255;255;255;255;360.6;0.9;3.1;3.2;0;0;1;0;28;0.292857143;0.292857143
351;16780;0;1;0;0;105;2;1;94;0;0;3;0;0;255;255;67.8;3.2;67.9;2.9;8.6;9.1;0;115;1;0;11;1.281818182;1.281818182
352;16955;1;0;1;0;101;2;1;66;0;0;1;0;0;255;255;2.6;2.8;3.8;2.4;12;12.2;0;85;1;0;35;0.491428571;0.491428571
353;17030;0;0;1;1;132;1;0;104;0;1;0;0;0;255;255;255;255;360.6;1.6;8.4;8.6;65;0;1;0;28;0.485714286;0.485714286
354;17580;1;0;0;1;65;1;1;64;1;1;1;0;0;14.7;33.7;4.3;1.6;4.6;5;0.8;5.1;88;74;1;0;1;10.1;10.1
355;17855;1;1;0;0;78;1;0;94;0;0;1;0;0;255;255;255;255;360.6;27.5;1.1;27.5;0;86;1;0;-16;-2.03125;0
356;19205;0;0;1;0;89;1;0;67;0;0;1;0;0;39.6;255;56.4;255;261.2;0.9;9.4;9.4;0;85;1;0;22;0.654545455;0.654545455
357;19705;0;1;1;0;98;1;1;66;1;0;0;1;2;62.1;255;255;255;360.6;2.9;5.4;6.1;0;0;1;0;32;0.346875;0.346875
358;19780;0;1;1;0;103;1;1;63;2;0;2;0;0;40.3;255;47.4;255;259.4;2.6;9.7;10;0;104;1;0;40;0.375;0.375
359;19905;1;1;0;0;89;1;0;88;1;2;2;0;0;13;82.3;26.4;2;26.5;3.8;2.5;4.5;77;85;1;0;1;9.5;9.5
360;19955;1;0;0;0;79;2;1;73;1;1;1;0;0;34.6;100.7;38.1;2.7;38.2;0.4;4.8;4.8;73;85;0;0;6;1.633333333;1.633333333
361;19955;1;0;1;1;126;1;1;79;1;1;2;0;0;42.6;46.9;25.2;255;256.2;0.7;5.8;5.8;77;87;1;0;47;0.229787234;0.229787234
362;20380;1;1;1;0;96;1;0;78;1;0;1;0;0;38.3;255;21.7;255;255.9;2.9;8.5;9;0;74;1;0;18;0.777777778;0.777777778
363;21030;1;1;0;0;66;1;1;62;1;0;1;0;0;16.6;255;32.1;255;257;4.1;4.7;6.2;72;0;1;0;4;2.8;2.8
364;21230;1;0;1;0;94;1;1;68;1;1;1;0;0;52.7;19.8;255;1.5;255;0.9;11.9;11.9;79;74;1;0;26;0.65;0.65
365;22305;1;0;1;1;79;2;1;73;0;0;1;0;0;255;255;3.3;2.1;3.9;0.6;4.5;4.5;0;87;1;0;6;1.583333333;1.583333333
366;22530;0;1;1;1;115;1;1;67;0;0;1;0;0;255;255;50.6;255;260;3.5;2.8;4.5;0;78;1;0;48;0.197916667;0.197916667
367;22755;1;0;1;0;95;1;1;62;0;1;0;0;0;255;255;255;255;360.6;1;13.1;13.1;98;0;1;0;33;0.548484848;0.548484848
368;22880;1;0;1;1;115;1;1;92;0;1;1;0;0;255;42.1;15;2;15.1;0.6;9;9;83;100;1;0;23;0.608695652;0.608695652
369;22980;0;0;1;0;94;1;0;65;0;1;2;1;2;19.4;44.1;19.2;0.5;19.2;1.1;7.1;7.2;69;81;1;0;29;0.420689655;0.420689655
370;23155;1;1;0;0;73;1;1;86;0;0;1;0;0;255;255;32.1;0.9;32.1;2.6;7.2;7.7;0;69;1;0;-13;-0.976923077;0
371;23230;0;0;1;0;96;1;0;70;0;4;1;0;0;255;19.5;8.3;255;255.1;1;2.6;2.8;48;70;1;0;26;0.3;0.3
372;23330;0;1;0;0;59;4;1;49;2;1;1;0;0;5.9;81.7;30.5;1.4;30.5;3.1;7;7.7;64;70;1;0;10;1.27;1.27
373;23330;1;0;0;0;58;4;1;49;4;2;1;0;0;19.6;64;30.5;1.4;30.5;0.4;5.9;5.9;59;70;0;0;9;1.211111111;1.211111111
374;23430;0;1;0;0;61;4;1;50;0;1;1;0;0;255;37.8;255;1.1;255;1.6;3.1;3.5;73;68;0;0;11;0.772727273;0.772727273
375;23730;0;1;0;0;82;1;1;66;0;0;1;0;0;255;255;2.8;1.6;3.2;2.2;8.1;8.4;0;66;1;0;16;0.8375;0.8375
376;25905;0;1;1;0;79;2;1;68;0;0;2;0;0;255;255;48.3;2.2;48.4;1.7;7.2;7.4;0;89;1;0;11;1.127272727;1.127272727
377;26205;0;1;0;0;89;4;1;76;1;1;1;0;0;21.8;30.6;255;1.4;255;2;13.2;13.4;87;88;1;0;13;1.415384615;1.415384615
378;26480;1;0;1;0;67;1;1;56;1;0;1;0;0;11.2;255;255;1.7;255;1.2;2.8;3;0;66;1;0;11;0.727272727;0.727272727
379;28280;1;0;1;0;64;2;1;59;1;2;1;0;0;22.4;46.3;44.9;1.6;44.9;0.9;6;6.1;83;76;1;0;5;2.22;2.22
380;28280;0;1;1;0;83;2;1;64;1;0;1;0;0;22.4;255;44.9;1.6;44.9;2.6;2.2;3.4;0;76;1;0;19;0.442105263;0.442105263
381;28330;0;1;1;0;90;1;1;63;1;1;2;0;0;7.8;62.9;30;1.1;30;2.6;6.7;7.2;70;83;1;0;27;0.451851852;0.451851852
382;28480;0;1;1;0;137;4;1;55;1;0;1;0;0;61.2;255;49.3;1;49.3;3.6;8.1;8.9;0;83;1;0;82;0.169512195;0.169512195
383;28505;0;1;1;0;137;1;1;66;4;0;1;0;0;30.6;255;22.1;1.6;22.2;3.3;13.4;13.8;0;85;1;0;71;0.264788732;0.264788732
384;28705;1;0;1;0;87;2;1;72;1;1;0;0;0;22.7;255;255;255;360.6;1.2;10.9;11;64;0;0;0;15;1.066666667;1.066666667
385;28705;1;0;0;0;72;1;1;61;1;2;0;0;0;45.2;255;255;255;360.6;0.9;12.8;12.8;87;0;0;0;11;1.618181818;1.618181818
386;28880;1;1;0;0;81;1;0;72;2;2;3;0;0;5;47.8;9.5;1.8;9.7;2.7;7.3;7.8;84;89;1;0;9;1.422222222;1.422222222
387;28900;0;0;1;0;86;1;0;72;0;2;3;0;0;255;24.8;12.8;1.7;12.9;1.2;3.2;3.4;81;89;1;0;14;0.6;0.6
388;28925;0;1;1;1;91;2;1;78;2;2;1;0;0;23.1;57.5;25.8;1.1;25.8;1.4;11.3;11.4;72;72;1;0;13;1.261538462;1.261538462
389;29300;1;0;1;0;78;1;1;66;3;1;1;0;0;25.2;105.7;41.5;1.3;41.5;1.2;3.4;3.6;67;74;1;0;12;0.716666667;0.716666667
390;31050;1;1;0;0;79;1;0;84;0;0;0;0;0;255;255;255;255;360.6;4.3;3.8;5.7;0;0;0;0;-5;-2.14;0
391;31300;0;1;1;0;109;1;1;79;1;1;1;0;0;15;88;13.9;1.9;14;3.6;3.2;4.8;78;103;1;0;30;0.326666667;0.326666667
392;130;1;0;0;0;79;1;1;73;0;1;1;0;0;255;13.2;1.9;1.5;2.4;1.3;8.5;8.6;82;72;1;0;6;2.266666667;2.266666667
393;325;0;1;1;0;82;1;1;50;1;1;1;0;0;16.5;81;13;0.6;13;2.3;3;3.8;79;70;1;0;32;0.275;0.275
394;572;1;0;0;0;46;2;1;48;1;2;1;0;0;84.6;12.6;1.4;2.5;2.9;0.3;7.1;7.1;68;68;1;0;-2;-6.05;0
396;1209;0;1;0;0;91;1;1;80;1;1;1;0;0;39;73;25;1.8;25.1;1.9;4.8;5.2;65;68;1;0;11;0.927272727;0.927272727
399;5435;0;0;1;0;87;2;1;60;2;1;1;1;2;27;255;23;1.7;23.1;1.4;5.9;6;59;62;1;0;27;0.407407407;0.407407407
401;5669;0;0;1;0;86;1;0;61;2;1;1;0;0;14.4;33.7;18.5;0.9;18.5;1.5;1.4;2.1;63;64;1;0;25;0.284;0.284
402;5695;0;1;1;1;80;1;1;58;1;2;1;0;0;28.7;42;15.5;1.5;15.6;2.2;0.2;2.2;65;61;1;0;22;0.327272727;0.327272727
403;5838;0;0;1;0;72;2;1;58;2;1;1;0;0;4.1;20;3.8;1;4;0.9;3.8;3.9;68;73;1;0;14;0.635714286;0.635714286
405;5916;1;1;1;1;95;2;1;65;2;1;0;0;0;21.8;19.8;255;255;360.6;1.8;2.6;3.1;66;0;1;0;30;0.27;0.27
406;5929;1;0;0;0;78;2;1;65;2;1;0;1;3;31.6;19.8;255;255;360.6;1.4;15.3;15.4;66;0;1;0;13;1.569230769;1.569230769
407;6280;0;0;1;0;65;1;0;60;1;1;1;0;0;97;24.3;4.1;1.7;4.5;0.7;4.6;4.7;61;74;1;0;5;1.94;1.94
408;6880;1;0;1;0;80;1;1;66;2;1;1;0;0;20.8;23.2;15.3;1.2;15.3;1.4;6.3;6.5;65;78.9;1;0;14;0.821428571;0.821428571
409;8105;1;0;1;1;93;2;1;58;0;0;0;0;0;255;255;255;255;360.6;1.1;6.8;6.9;0;0;1;0;35;0.34;0.34
410;8405;1;0;1;1;101;1;0;53;1;1;1;0;0;98.7;33.6;0.1;1.4;1.4;0.6;3.8;3.8;67;76;1;0;48;0.183333333;0.183333333
411;8580;1;0;1;0;82;1;1;62;1;1;1;0;0;89.8;35;19.5;1.5;19.5;0.4;4.9;4.9;69;73;1;0;20;0.495;0.495
413;11739;1;0;0;0;62;1;1;70;1;0;0;1;3;54.8;255;255;255;360.6;0.9;10.5;10.6;0;0;1;0;-8;-1.95;0
414;12025;0;0;1;1;93;2;1;61;1;1;1;0;0;21.9;48.3;3.9;2;4.4;1.8;11;11.1;65;81;1;0;32;0.503125;0.503125
415;12051;1;0;1;1;81;1;1;64;1;1;1;0;0;55.7;50.7;14.1;1.8;14.2;0.8;9.5;9.5;63;82;1;0;17;0.852941176;0.852941176
416;14261;0;0;1;0;100;1;0;77;0;1;1;0;0;255;40.5;23;1.1;23;1.6;9.6;9.7;56;82;1;0;23;0.639130435;0.639130435
417;14482;0;1;1;1;96;2;1;64;1;0;0;0;0;49.5;255;255;255;360.6;2.7;6.7;7.2;0;0;1;0;32;0.38125;0.38125
418;14781;1;0;0;1;64;2;1;60;1;2;2;0;0;41.1;17.9;11.6;2.2;11.8;1;9.8;9.8;82;95;1;1;4;3.7;3.7
419;15015;0;1;1;1;76;1;1;62;1;1;1;0;0;20.5;69;2.8;39.8;39.9;2.3;5.8;6.2;70;85;1;0;14;0.8;0.8
420;15301;1;1;0;0;67;1;0;65;1;1;4;0;0;41.4;54.9;20.8;2.2;20.9;2;2.8;3.4;66;60;1;0;2;4.2;4.2
421;15353;1;0;1;1;88;1;1;64;0;1;1;0;0;255;46.5;42.3;2.8;42.4;1;3.4;3.5;61;80;1;0;24;0.354166667;0.354166667
422;15886;0;0;0;1;69;1;0;64;1;1;1;0;0;29.1;46.7;0.7;1.5;1.6;1.5;5.8;6;67;80;1;1;5;2.2;2.2
423;15912;1;0;1;1;85;1;1;62;0;0;1;0;0;255;255;6.5;1.3;6.6;1.6;1.2;2.1;0;66;1;0;23;0.308695652;0.308695652
424;15925;0;0;1;1;89;1;0;66;0;1;1;0;0;255;38.6;23.4;0.8;23.4;1.8;4.6;4.9;62;69;1;0;23;0.430434783;0.430434783
425;17927;0;1;1;0;93;4;0;65;0;1;0;0;0;62.5;255;255;255;360.6;1.2;6.1;6.2;64;0;1;0;28;0.4;0.4
426;20592;1;0;1;0;81;1;1;60;2;1;0;0;0;32.9;255;255;255;360.6;0.8;14.6;14.6;73;0;1;0;21;0.933333333;0.933333333
427;20748;1;1;0;0;83;1;0;87;1;0;0;0;0;29.6;255;255;255;360.6;4.3;1.9;4.7;0;0;1;0;-4;-2.425;0
428;21164;1;1;1;1;78;1;0;68;1;1;0;0;0;30.9;96.6;70;2.7;70.1;2.9;2;3.5;66;0;1;0;10;0.85;0.85
429;21528;0;0;1;0;82;1;0;80;1;1;1;0;0;26.2;91.4;17.3;2.5;17.5;1.4;13;13.1;74;72;1;0;2;9.05;9.05
430;21970;1;0;1;0;70;1;1;60;2;1;1;0;0;72.9;100.9;2.4;90.8;90.8;0.8;5;5.1;60;80;1;0;10;1.01;1.01
431;23010;1;0;1;1;78;2;1;56;2;0;0;0;0;52.8;255;255;255;360.6;0.8;9.8;9.8;0;0;1;1;22;0.672727273;0.672727273
432;23673;0;1;1;1;110;2;1;85;2;3;2;0;0;62.8;24.9;5.9;2.9;6.5;2.4;4.6;5.2;80;102;1;0;25;0.408;0.408
433;23673;0;1;0;0;80;2;1;85;2;3;2;1;2;62.8;44.9;6.4;2.9;7;1.7;10;10.1;70;102;1;0;-5;-3.02;0
434;24011;1;0;1;0;87;1;1;65;2;1;1;0;0;31.5;41.1;1.5;1.9;2.4;1.7;10;10.1;69;85;1;0;22;0.686363636;0.686363636
435;24603;1;1;1;0;76;1;0;66;1;0;4;1;2;13.7;255;24.8;255;256.2;2.5;0.5;2.6;0;65;1;0;10;0.76;0.76
436;26952;1;0;0;0;70;2;1;68;1;0;0;0;0;48.6;255;255;255;360.6;1.9;9.1;9.3;62;0;1;0;2;7.15;7.15
437;27108;1;1;0;1;78;1;0;72;1;1;1;0;0;27;65.8;2.7;1.3;3;2.6;14.7;14.9;68;100;1;0;6;3.316666667;3.316666667
438;27173;0;1;0;1;91;1;1;78;1;1;1;0;0;17.6;40.9;15;0.2;15;1.2;5.1;5.2;83;86;1;0;13;0.784615385;0.784615385
439;27225;1;0;0;0;85;1;1;76;2;1;1;1;3;17.5;68.1;1.5;2.1;2.6;1.3;3.6;3.8;83;81;0;0;9;0.977777778;0.977777778
440;27485;0;0;1;1;77;2;0;68;1;1;1;0;0;25.3;28.7;12.3;2.2;12.5;1.2;3.9;4.1;60;64;1;0;9;1.011111111;1.011111111
441;27524;0;0;0;1;78;1;1;64;1;2;1;1;2;28.7;15.4;0.1;1.3;1.3;1.4;10.6;10.7;70;71;1;0;14;1.121428571;1.121428571
442;27602;1;1;1;0;80;1;0;58;1;1;0;0;0;77;255;34.3;0.1;34.3;1.3;4;4.2;61;0;1;0;22;0.418181818;0.418181818
443;29578;0;1;0;1;108;3;1;104;2;0;0;0;0;71.7;255;255;255;360.6;1.2;9.9;10;0;0;1;0;4;3.75;3.75
444;29578;1;1;1;0;81;2;1;50;1;0;0;0;0;45.2;255;255;255;360.6;1.9;6.3;6.6;0;0;1;0;31;0.374193548;0.374193548
445;29656;0;1;1;1;98;1;1;58;1;2;0;0;0;28.4;255;255;255;360.6;1.3;3;3.3;64;0;1;0;40;0.2075;0.2075
446;29825;0;1;0;1;74;1;1;66;3;1;1;1;2;33.1;70.2;7.3;0.7;7.3;1.8;6.7;6.9;72;70;1;0;8;1.4875;1.4875
447;29999;1;1;0;0;69;1;0;66;1;0;1;0;0;23.8;255;1.6;1;1.9;1.9;10.9;11;0;64;1;0;3;5.333333333;5.333333333
448;160;0;1;0;0;76;2;1;75;2;0;1;0;0;72;255;33.5;1.8;33.6;2.6;10.6;10.9;0;85;1;0;1;15.9;15.9
449;222;1;0;1;1;110;2;1;58;1;1;2;0;0;41.1;64;62;1.6;62;1;6.5;6.6;68;75;1;0;52;0.223076923;0.223076923
450;297;0;0;1;0;65;2;1;60;2;1;1;0;0;41.6;53.5;2.3;2.2;3.1;1.4;2.8;3.1;67;58;1;0;5;1.62;1.62
451;372;1;0;0;0;65;1;1;60;2;1;4;0;0;21.6;18.8;3.4;1;3.5;0.5;10.1;10.1;59;61;1;0;5;3.02;3.02
452;2472;1;0;1;0;68;1;1;55;1;3;0;0;0;82.6;74;255;255;360.6;1.7;1.6;2.3;78;0;1;0;13;0.561538462;0.561538462
453;2799;1;1;1;1;115;1;0;63;1;0;0;0;0;21.6;255;255;255;360.6;2.5;2;3.2;0;0;1;0;52;0.157692308;0.157692308
454;3799;0;1;1;1;80;4;1;60;0;1;1;0;0;255;22.8;1.5;2.4;2.8;2.2;4;4.6;69;81;1;0;20;0.48;0.48
455;5374;0;0;1;1;87;1;0;74;1;1;4;0;0;74.9;29;20;0.9;20;2.2;5;5.4;53;56;1;0;13;0.8;0.8
456;5449;0;0;1;1;107;4;1;56;1;1;0;0;0;30;255;255;255;360.6;1.2;6;6.1;69;0;1;0;51;0.217647059;0.217647059
457;5699;1;0;1;0;78;1;1;62;1;3;1;0;0;80;93.4;28.1;0.5;28.1;0.2;9;9;72;80;1;0;16;0.875;0.875
458;5799;1;0;1;0;61;2;1;53;2;1;1;0;0;92.4;74.3;24.1;255;256.1;0.6;2.8;2.9;74;78;1;0;8;0.9875;0.9875
459;5874;0;1;1;1;96;2;1;77;2;0;2;0;0;51.8;255;25;0.5;25;2.2;2.8;3.5;0;55;1;0;19;0.447368421;0.447368421
460;8274;0;1;1;1;123;2;1;48;0;3;1;1;2;255;41.8;38.4;1.9;38.4;1.2;2.1;2.4;110;90;1;0;75;0.098666667;0.098666667
461;8399;0;1;1;0;105;2;1;62;0;0;0;0;0;255;255;255;255;360.6;2;7;7.3;0;0;1;0;43;0.286046512;0.286046512
462;9024;1;1;0;0;78;1;0;65;1;1;1;0;0;36.5;60.2;0.5;1.7;1.8;2.2;10.1;10.3;74;72;1;0;13;1.176923077;1.176923077
463;11449;0;0;1;0;87;1;0;60;1;1;1;0;0;26;43;19.4;0.9;19.4;1.5;7.8;7.9;59;59;1;0;27;0.477777778;0.477777778
464;11499;0;0;1;1;80;1;0;58;0;1;1;0;0;255;22.5;2.7;1.6;3.1;1.5;7.6;7.8;56;57;1;0;22;0.581818182;0.581818182
465;11674;0;1;1;0;78;2;1;54;2;1;0;1;2;32.3;255;255;255;360.6;1.4;6.6;6.8;75;0;1;0;24;0.491666667;0.491666667
466;11774;1;1;0;1;83;1;0;71;0;1;2;0;0;255;33.4;0.3;2.1;2.1;1.9;5.1;5.4;65;67;1;0;12;0.866666667;0.866666667
467;11999;0;1;1;1;93;2;1;53;0;1;0;0;0;255;255;255;255;360.6;2;8.9;9.1;74;0;1;0;40;0.3525;0.3525
468;14174;1;1;0;0;69;1;0;66;1;2;1;1;3;39.6;37;2.1;10.8;11;3.6;4.9;6;68;63;1;0;3;3.666666667;3.666666667
469;14274;0;0;1;0;107;1;0;67;0;0;2;0;0;255;255;2.4;2.3;3.3;1.4;7.3;7.4;0;65;1;0;40;0.31;0.31
470;14287;0;1;1;0;110;2;1;65;0;1;1;0;0;255;26.4;24.5;1.7;24.6;1.6;7;7.2;67;61;1;0;45;0.271111111;0.271111111
471;14362;0;1;1;1;130;2;1;100;0;2;0;0;0;255;255;255;255;360.6;2.2;3.8;4.4;115;0;1;1;30;0.313333333;0.313333333
472;14587;1;0;0;0;94;2;1;85;2;1;1;0;0;60.2;88.7;21.4;2.1;21.5;1.2;10.8;10.9;78;83;1;0;9;1.766666667;1.766666667
473;14612;1;0;1;0;78;2;1;65;0;1;1;0;0;255;65.2;22.9;1.9;23;1.6;4.9;5.1;72;81.1;1;0;13;0.776923077;0.776923077
474;14937;0;1;1;0;83;4;1;58;1;1;1;0;0;12;87.3;58.5;0.4;58.5;1.2;0;1.2;72;95;1;0;25;0.248;0.248
475;15712;1;0;1;0;80;1;1;63;0;1;1;0;0;255;33.7;8.1;1.4;8.2;1.5;5.7;5.9;59;74.7;1;0;17;0.641176471;0.641176471
476;16012;1;0;1;0;84;1;1;63;0;1;1;0;0;255;59.3;42.7;1.1;42.7;0.2;5.8;5.8;63;63;1;0;21;0.514285714;0.514285714
477;19312;1;0;0;0;70;2;1;75;0;0;4;0;0;255;255;42;255;258.4;0.1;8.1;8.1;0;74;1;0;-5;-2.62;0
478;20387;0;1;1;1;102;1;1;62;1;2;1;1;2;32.8;55.5;27.7;1.5;27.8;3.3;1.1;3.5;93;83;1;0;40;0.2125;0.2125
479;20462;0;1;1;1;120;1;1;64;1;0;0;0;0;20.3;255;255;255;360.6;5.7;31.2;31.7;0;0;1;0;56;0.655357143;0.655357143
480;20712;1;1;0;0;87;1;0;79;1;2;0;0;0;64.7;255;255;255;360.6;2.2;4;4.6;79;0;1;0;8;1.2;1.2
481;20937;1;1;0;1;73;1;0;70;1;1;0;0;0;32.6;255;255;255;360.6;2.9;9.8;10.2;52;0;1;0;3;5.066666667;5.066666667
482;21237;1;0;0;0;78;2;1;71;4;1;1;0;0;47.7;22.7;0.4;2.2;2.2;1;5.5;5.6;73;79;1;0;7;1.514285714;1.514285714
483;21387;1;1;0;0;65;1;0;74;1;1;4;0;0;20.5;57.1;16.6;0.9;16.6;2.4;7.8;8.2;77;50;1;0;-9;-1.466666667;0
484;23174;1;0;0;1;58;1;1;57;0;1;1;0;0;255;43;26.2;0.6;26.2;0.1;9.2;9.2;67;76;1;0;1;14.2;14.2
485;23324;0;1;1;1;130;2;1;63;0;0;0;0;0;255;255;255;255;360.6;3.2;9.8;10.3;0;0;1;0;67;0.228358209;0.228358209
486;24099;0;1;0;0;68;1;1;64;2;0;1;0;0;22.8;255;11.9;1.1;11.9;1.4;8.8;9;0;87;1;0;4;3.5;3.5
487;24199;0;0;1;1;93;1;0;69;1;4;0;0;0;56.2;255;255;255;360.6;1.1;2.3;2.6;48;0;1;0;24;0.316666667;0.316666667
488;26024;1;0;1;1;93;2;0;70;1;2;1;0;0;20.4;46.1;2.2;1.7;2.8;0.2;5.1;5.1;65;64;1;0;23;0.439130435;0.439130435
489;26124;1;1;1;1;86;1;0;70;1;2;4;0;0;22.4;53.6;26;0.1;26;2.8;2.7;3.9;77;72;1;0;16;0.55625;0.55625
490;26107;0;0;1;0;66;1;0;55;1;1;3;0;0;63.5;69;11.1;2.2;11.3;1.4;6.5;6.7;65;86;1;0;11;1.063636364;1.063636364
491;26540;0;0;1;1;111;1;1;61;2;0;1;1;2;61.7;255;37.1;1.7;37.1;2.5;7;7.4;0;82;1;0;50;0.248;0.248
492;26848;1;1;1;0;73;4;0;69;2;0;1;0;0;20.2;255;21.5;1.2;21.5;2.2;4.6;5.1;0;75;1;0;4;2.525;2.525
493;27073;0;1;1;1;84;4;1;66;4;1;0;1;2;43.8;255;255;255;360.6;2.5;3;3.8;74;0;1;0;18;0.488888889;0.488888889
494;27573;1;1;1;0;80;2;1;65;0;0;1;0;0;255;255;16;2.5;16.2;1.7;3;3.4;0;84;1;0;15;0.56;0.56
495;27923;0;1;1;1;61;1;1;51;1;1;1;0;0;27.8;23.2;3.9;1.9;4.3;1.9;0.5;2;62;58;1;0;10;0.7;0.7
496;29298;0;1;1;0;72;1;1;59;0;0;0;0;0;255;255;255;255;360.6;2.2;1.5;2.7;0;0;1;0;13;0.592307692;0.592307692
497;29466;0;1;1;0;101;1;1;65;0;0;2;0;0;255;255;31;1.5;31;2;10.7;10.9;0;0;1;0;36;0.441666667;0.441666667
498;230;1;0;0;0;70;1;1;58;1;1;1;0;0;59;86.3;0.5;1.6;1.6;1.4;13.3;13.4;79;93;1;0;12;1.533333333;1.533333333
499;818;0;0;0;0;88;1;0;82;1;2;1;0;0;70;30;2.6;1.4;3;1.3;5.7;5.8;60;57;1;0;6;1.8;1.8
500;1920;1;0;1;1;85;1;1;43;1;2;1;0;0;15.5;79;36.9;1.1;36.9;1.2;7.2;7.3;72;82;1;0;42;0.292857143;0.292857143
501;1970;0;1;1;1;83;1;1;48;0;0;1;0;0;255;12.4;12.4;255;255.3;2.4;2.7;3.6;0;48;1;0;35;0.245714286;0.245714286
502;2020;0;1;1;1;88;1;1;49;1;0;0;0;0;12.4;255;255;255;360.6;2.8;2.5;3.8;0;0;1;0;39;0.225641026;0.225641026
503;2170;1;1;0;0;70;1;0;65;1;0;4;0;0;33.8;255;35.4;1.3;35.4;3.4;3.7;5.1;0;56;1;0;5;2.02;2.02
504;2331;1;0;1;1;116;2;1;93;0;1;1;0;0;255;43.3;26.6;1.5;26.7;1.3;4.3;4.5;79;82;1;0;23;0.413043478;0.413043478
505;2531;1;0;1;0;85;2;1;74;0;1;0;0;0;255;255;255;255;360.6;1;5.4;5.5;78;0;1;0;11;0.954545455;0.954545455
506;2606;0;1;0;0;87;2;1;88;0;0;1;1;2;255;255;22.4;1.4;22.4;1.9;13.7;13.8;0;87;1;0;-1;-18.8;0
507;2981;0;1;0;0;87;1;1;74;2;0;4;0;0;15.5;255;5.8;1;5.9;2.4;5.6;6.1;0;73;1;0;13;0.853846154;0.853846154
508;3456;0;1;1;1;67;2;1;47;1;0;1;0;0;26;255;7.7;2.1;8;0.1;19;19;0;72;1;0;20;1.2;1.2
509;5181;0;1;0;0;67;3;1;64;0;1;0;0;0;255;255;255;255;360.6;3.5;11.3;11.8;63;0;1;0;3;5.6;5.6
510;5306;1;0;1;0;91;2;1;53;1;1;0;0;0;20.3;255;255;255;360.6;1.3;7.3;7.4;54;0;1;0;38;0.326315789;0.326315789
511;6356;1;1;0;0;80;1;0;62;0;0;4;0;0;24.2;255;44.9;1.3;44.9;2.7;13.3;13.6;0;63;1;0;18;1.033333333;1.033333333
512;6568;0;0;1;1;75;1;0;79;1;2;1;0;0;48.6;25.8;17.6;2;17.7;0.6;14.5;14.5;74;76;1;0;-4;-4.875;0
513;8467;0;1;1;1;90;1;1;64;2;0;1;0;0;49;255;1.5;1.5;2.1;2;2.5;3.2;0;77;1;0;26;0.315384615;0.315384615
514;8666;0;1;1;1;77;2;0;64;0;0;1;0;0;255;255;14.4;0.1;14.4;1;3.1;3.3;0;82;1;0;13;0.638461538;0.638461538
515;8691;0;0;1;0;84;1;0;82;0;1;0;1;2;255;255;255;255;360.6;0.8;16.7;16.7;59;0;1;0;2;10.85;10.85
516;8791;1;0;1;0;87;2;1;61;1;1;1;0;0;22;23;1;2.3;2.5;1.5;1.6;2.2;61;70;1;0;26;0.276923077;0.276923077
517;8866;1;0;1;0;79;4;1;61;0;1;1;0;0;255;29.4;21.6;0.9;21.6;1;5.3;5.4;63;74;1;0;18;0.577777778;0.577777778
518;9316;0;1;1;0;90;1;1;67;1;1;1;0;0;32.9;46.5;7;1.7;7.2;2.1;1.7;2.7;83;83;1;0;23;0.334782609;0.334782609
519;9641;0;1;1;0;67;1;0;68;0;1;0;0;0;255;255;255;255;360.6;1.6;4.7;4.9;71;0;1;0;-1;-9.9;0
520;125;1;1;0;1;76;1;0;75;1;0;1;0;0;47.1;255;12.2;1.2;12.2;2.3;10;10.2;0;73;1;0;1;15.2;15.2
521;850;0;1;1;1;93;1;1;67;0;0;0;0;0;255;255;255;255;360.6;2.7;6.7;7.2;0;0;1;0;26;0.469230769;0.469230769
523;1800;0;1;0;1;83;3;1;80;0;1;0;0;0;255;255;255;255;360.6;1.6;13.7;13.8;82;0;1;0;3;6.266666667;6.266666667
524;1873;0;1;1;1;82;2;1;70;1;1;1;0;0;53.9;109.1;52.6;2.4;52.6;1.8;10.1;10.2;68;96;1;0;12;1.266666667;1.266666667
525;1998;0;0;1;0;74;1;0;70;1;1;0;0;0;30.1;255;255;255;360.6;0.9;8.7;8.7;40;0;0;0;4;3.425;3.425
526;2448;1;0;0;1;79;1;1;82;0;1;0;1;2;255;255;255;255;360.6;0.7;7.4;7.4;67;0;1;0;-3;-4.133333333;0
527;2865;1;0;1;0;76;1;1;61;2;1;1;0;0;25.2;31.1;0.8;1.7;1.9;1.2;3.5;3.7;81;83;1;0;15;0.58;0.58
528;3215;0;1;1;1;98;1;1;57;0;1;0;0;0;255;255;255;255;360.6;2.4;5.3;5.8;70;0;1;0;41;0.263414634;0.263414634
529;4313;0;1;1;1;72;4;1;62;2;0;1;0;0;7.1;255;13.4;0.1;13.4;2.8;3.5;4.4;0;80;1;0;10;0.94;0.94
530;4838;1;1;1;1;82;1;0;70;1;0;2;0;0;14.2;255;4.7;2.8;5.5;2.3;3;3.8;0;62;1;0;12;0.733333333;0.733333333
531;5238;0;1;0;0;78;1;1;76;1;1;1;0;0;30.7;91.3;22.3;0.6;22.3;1.8;7.7;7.9;70;80;1;0;2;6.45;6.45
532;5313;1;0;0;1;80;1;1;76;1;1;3;0;0;76.5;56.5;24.9;0.8;24.9;0.9;14.4;14.4;76;78;1;0;4;4.85;4.85
533;6288;1;0;1;1;79;4;1;53;1;1;1;0;0;41.7;6.8;1.3;1.5;2;1.2;3.6;3.8;67;78;1;0;26;0.338461538;0.338461538
534;6863;1;1;1;0;64;2;1;44;2;0;0;0;0;26.2;255;255;255;360.6;1.6;5.2;5.4;0;0;1;0;20;0.52;0.52
535;7326;0;1;1;0;62;2;1;52;0;1;1;1;2;255;57.8;22.3;1.4;22.3;2;3.6;4.2;59;62;1;0;10;0.92;0.92
536;7338;0;1;0;0;74;1;1;58;2;2;1;0;0;30.9;35.6;255;1.4;255;3.2;3.7;4.9;67;71;1;0;16;0.61875;0.61875
537;8701;0;0;1;1;93;1;0;68;0;1;1;0;0;255;52.2;24.5;255;256.2;0.8;7.1;7.2;54;79;1;0;25;0.488;0.488
538;11251;0;1;0;1;70;1;1;77;2;1;1;0;0;35.1;47;16.1;0.6;16.1;2.1;14.5;14.6;68;79;1;0;-7;-2.8;0
539;11626;1;0;1;0;79;2;1;61;2;1;1;0;0;39.7;32.1;0.9;2.1;2.3;1.1;4;4.1;75;77;1;0;18;0.505555556;0.505555556
540;11826;1;1;1;0;86;1;0;80;1;1;0;0;0;34;255;255;255;360.6;3.2;1.1;3.3;49;0;1;0;6;1.383333333;1.383333333
541;11951;1;1;0;0;64;1;0;80;0;0;1;0;0;255;255;6.8;2.8;7.4;14.1;2.5;14.3;0;54;1;0;-16;-1.20625;0
542;13451;1;1;0;0;78;1;0;96;1;2;1;0;0;14;42.4;23.4;0.8;23.4;3;0.8;3.1;57;77;1;0;-18;-0.45;0
543;13942;0;1;1;1;71;1;1;58;0;1;1;0;0;255;47.3;15.1;1.4;15.2;2.7;6.9;7.4;80;94;1;0;13;0.953846154;0.953846154
544;14067;1;0;0;0;70;3;1;69;0;1;1;0;0;255;41.7;21;1.4;21.1;0.3;13;13;90;85;1;0;1;18;18
545;14217;0;1;1;0;65;2;1;44;0;0;1;0;0;255;255;38.4;1.2;38.4;2.2;5.9;6.3;0;75;1;0;21;0.538095238;0.538095238
546;14317;0;1;1;1;73;1;1;62;0;1;0;0;0;255;255;255;255;360.6;3.4;1.3;3.7;61;0;1;0;11;0.790909091;0.790909091
547;14342;0;1;1;1;79;1;1;68;0;1;0;0;0;255;255;255;255;360.6;2.6;1.5;3;72;0;1;0;11;0.727272727;0.727272727
548;14499;1;1;0;0;85;1;0;72;0;2;1;0;0;255;107.6;47.2;1.1;47.2;1.8;10;10.2;71;68;1;0;13;1.169230769;1.169230769
549;14722;0;0;1;0;90;1;1;65;1;2;1;0;0;6.5;24;2.4;0.9;2.6;1.8;1;2.1;82;71;1;0;25;0.284;0.284
550;14821;0;0;0;1;72;1;0;71;1;2;1;0;0;48.7;31.8;7.3;1.4;7.4;1.4;6.5;6.6;75;72;1;0;1;11.6;11.6
551;15371;0;1;1;1;74;1;1;60;4;0;1;0;0;80.1;255;28.6;1.6;28.6;2.3;2.6;3.4;0;73;1;0;14;0.6;0.6
552;16837;1;1;1;0;108;1;0;71;0;0;0;0;0;255;255;255;255;360.6;2;6.5;6.8;0;0;1;0;37;0.318918919;0.318918919
553;16962;0;1;1;1;104;2;1;81;1;0;0;1;2;19.1;255;255;255;360.6;1.9;4.8;5.2;0;0;1;0;23;0.443478261;0.443478261
554;17187;1;0;1;0;60;2;1;52;4;1;1;0;0;39.4;63.5;20.5;2.2;20.7;1;3.9;4;63;82;1;0;8;1.125;1.125
555;17296;1;0;1;0;82;4;1;60;1;1;1;0;0;56.4;34;13.6;0.7;13.6;1.6;3.6;3.9;60;68;1;0;22;0.404545455;0.404545455
556;17621;0;0;1;0;77;1;0;63;0;0;1;0;0;255;255;0.1;1.7;1.7;1.5;0.7;1.6;0;70;1;0;14;0.471428571;0.471428571
557;19671;0;1;1;1;95;1;0;68;0;0;0;0;0;255;255;255;255;360.6;1.9;10.1;10.3;0;0;1;0;27;0.566666667;0.566666667
558;20121;1;1;1;0;69;2;1;59;2;2;1;1;2;18.4;13.6;2.6;2.7;3.8;1.3;0.4;1.4;77;83;1;0;10;0.64;0.64
559;20161;0;1;1;0;95;2;1;61;4;4;2;0;0;68.9;82.4;15.8;2.4;16;2.8;1.8;3.3;71;76;1;0;34;0.244117647;0.244117647
560;20286;1;0;0;1;65;4;1;62;0;1;4;0;0;255;24.9;7.9;0.2;7.9;0.8;12.4;12.4;70;76;1;0;3;5.8;5.8
561;20287;1;0;1;0;68;2;1;46;1;1;1;0;0;39.8;63.8;53.7;1.6;53.7;1;3.5;3.6;75;70;1;0;22;0.390909091;0.390909091
562;20374;1;1;1;0;74;1;1;63;2;1;1;0;0;47.8;33.7;255;1.6;255;1.4;3.8;4;63;66;1;0;11;0.818181818;0.818181818
563;20499;1;1;1;0;86;1;0;70;1;1;1;0;0;6.9;65.9;31.7;0.8;31.7;2.1;1.7;2.6;58;63;0;0;16;0.475;0.475
564;22224;0;0;1;1;96;1;0;85;0;1;0;0;0;255;255;255;255;360.6;0.8;11.1;11.1;77;0;1;0;11;1.463636364;1.463636364
565;22335;0;1;1;1;74;2;1;64;2;0;0;0;0;31;255;255;255;360.6;2.6;1.1;2.8;0;0;1;0;10;0.78;0.78
566;22835;1;1;1;1;128;1;0;74;0;0;2;0;0;255;255;3.5;1.7;3.9;1.7;1.9;2.5;87;0;1;0;54;0.138888889;0.138888889
567;23274;0;1;1;1;90;1;1;75;2;2;1;0;0;27.5;102;34;1;34;2.2;12.1;12.3;83;97;1;1;15;1.153333333;1.153333333
568;23361;0;1;1;0;100;2;1;62;0;1;3;0;0;255;71.5;26;2.6;26.1;3.3;3.4;4.7;70;90;1;0;38;0.255263158;0.255263158
569;23611;1;0;1;0;80;1;1;66;1;1;1;0;0;61.7;26.7;10.2;0.8;10.2;1.5;5.7;5.9;62;68;1;0;14;0.778571429;0.778571429
570;23686;0;0;1;0;88;1;0;68;1;1;1;0;0;32.6;31.5;17;255;255.6;1;5.8;5.8;66;63;1;0;20;0.54;0.54
571;24361;1;0;0;1;69;1;1;60;1;3;1;0;0;43.7;23.8;255;1.3;255;1.4;3.8;4;78;68;1;0;9;1;1
572;25786;1;0;1;1;80;2;1;68;1;1;1;0;0;30.7;22.9;0.2;2.6;2.6;1.5;2.8;3.2;51;59;1;0;12;0.683333333;0.683333333
573;25836;1;0;0;0;68;1;1;58;1;1;4;0;0;56.6;30.4;11.5;1.1;11.6;13.9;0.1;13.9;59;67;0;0;10;1.89;1.89
574;25899;0;0;1;1;80;1;0;65;2;1;2;1;3;25.3;21.2;2.2;1.6;2.7;1.4;7.6;7.8;54;77;1;0;15;0.853333333;0.853333333
575;26129;1;0;0;0;57;1;1;56;4;1;2;1;2;49.9;39.6;28.8;0.5;28.8;0.5;12.6;12.6;72;69;1;2;1;17.6;17.6
576;27129;1;1;1;0;73;2;1;54;1;1;1;0;0;41.6;46.3;33.2;3;33.3;0.8;11.4;11.4;81;83;1;0;19;0.863157895;0.863157895
577;29079;1;1;1;1;84;1;0;70;2;1;1;0;0;42.9;59;30.2;2.1;30.3;2.6;4.5;5.2;70;98;1;0;14;0.728571429;0.728571429
578;29194;0;1;0;1;83;1;1;75;1;1;1;0;0;18.2;80.4;33.9;0.7;33.9;2.5;8.6;8.9;67;90;1;0;8;1.7375;1.7375
579;29794;1;0;1;1;81;1;1;57;2;1;1;0;0;15.2;63.5;0.5;1.7;1.8;1.3;8.7;8.8;70;83;1;0;24;0.575;0.575
580;29794;1;0;0;0;66;1;1;57;2;1;1;1;2;15.2;63.5;0.5;1.7;1.8;2.5;12.4;12.6;70;83;1;0;9;1.955555556;1.955555556
582;29944;0;1;0;0;63;4;1;61;2;1;1;0;0;14.3;68.1;15.5;1.3;15.5;2.3;10.1;10.4;61;79;1;0;2;7.7;7.7
583;30244;1;1;1;0;103;1;0;60;0;0;1;0;0;255;255;19.7;255;255.8;2.9;2.7;3.9;0;62;1;0;43;0.206976744;0.206976744
584;30267;1;1;1;0;110;1;0;64;1;0;1;0;0;18.9;;36.7;255;257.6;3;2.9;4.2;0;67;1;0;46;0.2;0.2
585;955;0;1;1;1;94;4;1;44;1;0;0;0;0;20.1;255;255;255;360.6;3.1;9.4;9.9;0;0;1;0;50;0.298;0.298
586;1301;1;0;0;0;67;2;1;64;2;1;1;0;0;22.9;67.9;39.9;2.5;40;0.4;9.3;9.3;68;79;1;0;3;4.766666667;4.766666667
587;1466;1;0;0;0;59;2;1;56;1;1;1;0;0;19.8;48.2;29.2;1.9;29.2;0.5;11.1;11.1;80;82;1;1;3;5.366666667;5.366666667
588;1891;0;0;1;0;70;1;0;64;1;1;2;0;0;12.9;42.7;30.3;2.7;30.4;1;2.8;2.9;48;55;1;0;6;1.316666667;1.316666667
589;3691;0;1;0;0;80;1;1;65;0;0;1;0;0;255;255;32.1;1.4;32.2;3;14.3;14.6;0;78;1;0;15;1.306666667;1.306666667
590;3991;0;1;1;1;95;1;1;66;1;1;1;0;0;50.7;85.3;19.2;1.8;19.3;2.5;4.1;4.8;53;71;1;0;29;0.337931034;0.337931034
591;4166;1;0;0;0;80;1;1;85;2;1;1;0;0;78.9;110;35.2;0.8;35.2;1.1;12.9;12.9;83;69;1;0;-5;-3.58;0
592;4341;1;1;0;0;84;1;0;81;1;1;0;0;0;87.6;255;255;255;360.6;2;14.9;15;49;0;1;0;3;6.666666667;6.666666667
593;4416;1;0;1;0;73;1;1;51;2;1;1;1;2;57.4;37.9;8.1;1.4;8.2;1.2;8.5;8.6;56;75;1;0;22;0.618181818;0.618181818
594;4691;0;0;0;1;85;1;0;75;1;1;1;0;0;70.1;35.2;16;0.5;16;0.8;10.4;10.4;67;68;1;0;10;1.54;1.54
595;4769;0;1;1;1;68;1;1;48;0;1;1;0;0;255;61.7;9.4;1.4;9.5;2.3;2.6;3.5;63;77;1;0;20;0.425;0.425
596;7069;0;1;1;1;123;1;1;75;0;1;0;0;0;255;255;255;255;360.6;2.7;1.4;3;75;0;1;0;48;0.166666667;0.166666667
597;7269;0;1;1;0;74;2;1;61;0;1;1;0;0;255;70.4;28.3;1.2;28.4;1.5;2.6;3;57;74;1;0;13;0.615384615;0.615384615
598;7944;1;0;0;0;54;2;1;42;1;1;1;0;0;44.5;3.8;255;2.5;255;0.6;5.5;5.5;74;64;1;0;12;0.875;0.875
599;8004;1;0;1;0;55;2;1;48;1;1;1;0;0;39.7;23.9;10.1;0.7;10.1;1.3;0.1;1.3;65;79;1;0;7;0.9;0.9
600;9560;1;1;1;1;91;1;0;72;2;0;0;0;0;10.6;255;255;255;360.6;3.4;4.4;5.5;0;0;1;0;19;0.552631579;0.552631579
601;9585;0;0;0;0;81;1;0;72;1;2;3;0;0;70.8;86.3;2;2.1;2.9;1;10.6;10.6;71;91;0;0;9;1.733333333;1.733333333
602;10060;0;1;1;0;74;1;1;61;2;1;3;0;0;15.7;95.6;62;1.7;62.1;1.4;2.2;2.6;85;79;1;0;13;0.584615385;0.584615385
603;10185;0;1;1;0;71;2;1;67;1;2;2;0;0;31;60.7;22;255;255.9;1.1;2.1;2.4;74;69;1;0;4;1.85;1.85
604;10660;0;0;1;1;78;4;1;80;2;0;1;1;3;14;255;25;0.4;25;2.9;3;4.2;0;76;1;0;-2;-4.6;0
605;10935;1;0;0;0;82;1;0;77;1;0;1;0;0;42.9;255;5;1.1;5.1;1.7;3.7;4;0;74;1;0;5;1.8;1.8
606;11160;0;0;0;0;70;1;1;66;2;1;1;0;0;28.4;37.1;13.9;255;255.4;1.8;6.7;6.9;64;70;1;0;4;2.975;2.975
607;11210;1;0;0;0;55;2;1;42;1;1;1;0;0;32.2;64.3;1.4;3.3;3.6;0.8;13.4;13.5;62;65;1;0;13;1.423076923;1.423076923
608;12641;0;1;0;0;64;1;1;57;1;1;1;0;0;14.3;47.7;20;1.2;20;2.1;6.1;6.4;66;84;1;0;7;1.628571429;1.628571429
609;12791;1;1;1;1;108;1;0;62;0;0;3;0;0;255;255;32.2;1.4;32.2;3.3;6.6;7.4;0;0;1;0;46;0.269565217;0.269565217
610;13041;0;0;0;1;90;3;0;84;0;1;0;0;0;255;255;255;255;360.6;0.5;14.7;14.7;55;0;1;0;6;3.283333333;3.283333333
611;13616;1;0;0;0;63;1;1;62;1;1;1;0;0;64;31.7;1.1;1.6;2;1.4;14.6;14.6;70;68;1;0;1;19.6;19.6
612;13778;1;0;1;0;71;2;1;55;2;1;1;0;0;51.1;23.5;5.8;1.9;6.1;1.4;1.5;2.1;71;74;1;0;16;0.44375;0.44375
613;14053;0;1;1;0;70;1;1;46;1;0;1;0;0;19.9;255;67.6;255;263.8;2.7;3.4;4.3;0;59.9;1;0;24;0.3875;0.3875
614;14519;1;0;0;0;94;1;1;86;0;0;1;0;0;255;255;255;1.6;255;0.4;14.8;14.8;0;77;0;0;8;2.475;2.475
615;16094;0;1;1;0;63;1;1;60;0;0;0;1;2;255;255;255;255;360.6;1.9;2.8;3.4;0;0;1;0;3;2.8;2.8
616;16244;1;0;1;0;89;2;1;48;0;1;2;0;0;255;89.6;72.2;3.9;72.3;1.7;11.6;11.7;75;66;1;0;41;0.407317073;0.407317073
617;16451;1;1;1;1;89;1;0;66;0;0;1;0;0;255;255;11.6;255;255.3;2.6;3;4;0;69;1;0;23;0.391304348;0.391304348
618;16501;1;1;0;0;74;1;0;77;1;3;1;0;0;13.7;71.2;28.2;255;256.6;3.2;3.9;5.1;89;80;0;0;-3;-3.366666667;0
619;19026;1;1;0;1;82;1;0;74;0;0;2;0;0;255;255;18.8;1.3;18.8;1.6;14.4;14.5;0;91.2;1;0;8;2.4375;2.4375
620;19532;1;1;0;1;77;1;0;65;1;2;1;1;2;63.3;37.5;9.8;1.3;9.9;2.3;8.7;8.9;58;64;1;0;12;1.158333333;1.158333333
621;19827;1;1;0;0;63;1;0;61;2;2;1;0;0;21.9;65.6;26.1;255;256.3;2.4;6.4;6.8;62;70;0;0;2;5.9;5.9
622;19827;0;1;0;0;79;2;1;67;2;1;1;1;2;24.1;49.3;7.3;1.7;7.5;1.6;11.8;11.9;76;72;1;0;12;1.408333333;1.408333333
623;21977;0;1;1;0;93;1;1;70;0;0;0;0;0;255;255;255;255;360.6;2.1;6.5;6.8;0;0;1;0;23;0.513043478;0.513043478
624;22204;0;1;0;1;79;2;1;78;2;1;1;0;0;45.5;86;27.3;1.9;27.4;1.3;14.7;14.7;81;80;1;0;1;19.7;19.7
625;22924;1;0;1;0;76;1;1;64;0;1;1;0;0;255;35.4;0.5;1.7;1.8;1.5;2.6;3;76;75;1;0;12;0.666666667;0.666666667
626;23343;1;1;0;1;67;1;0;61;1;4;1;0;0;20.9;76.8;12.1;1.1;12.1;2.5;7.5;7.9;53;65;1;0;6;2.15;2.15
627;23506;0;1;1;0;79;4;1;59;0;0;1;0;0;255;255;25.7;255;256.3;2.5;4.6;5.3;0;54;1;0;20;0.515;0.515
628;24681;0;1;1;0;58;1;1;51;2;0;2;0;0;20.3;255;32.9;1.4;32.9;1.9;2.9;3.5;0;76;1;0;7;1.214285714;1.214285714
629;24768;0;1;1;0;61;2;1;59;1;0;1;0;0;27.3;255;23.5;255;256.1;2;3.7;4.2;0;51;1;0;2;4.6;4.6
630;25373;0;1;1;0;82;2;1;57;2;1;1;0;0;18.6;49;1;2.3;2.5;1.5;1.2;1.9;66;86;1;0;25;0.276;0.276
631;25473;1;1;1;0;87;1;0;72;1;2;1;0;0;19.7;55.2;37;56.8;67.8;2.7;1.3;2.9;37;72;1;0;15;0.526666667;0.526666667
632;28042;0;1;0;0;95;3;1;87;2;0;1;0;0;61.4;255;59.8;2.1;59.8;2.1;7.3;7.6;0;98;1;0;8;1.575;1.575
633;28201;1;1;0;0;83;1;0;80;1;1;1;0;0;70.7;98.8;27;1.1;27;1.8;10;10.2;72;75;1;0;3;5.066666667;5.066666667
634;28251;0;0;1;1;78;1;0;63;1;0;1;0;0;26.3;255;9.5;1.7;9.7;1.9;8.5;8.7;0;81;1;0;15;0.913333333;0.913333333
635;28276;0;0;1;0;86;1;0;64;1;0;3;0;0;35.9;255;18.4;1;18.4;1.6;4.2;4.5;0;78;1;0;22;0.431818182;0.431818182
636;28509;0;1;1;1;93;2;1;41;0;1;2;0;0;255;80.9;72.3;3;72.4;1.8;7.2;7.4;64;73;1;0;52;0.238461538;0.238461538
637;29034;1;1;1;0;66;1;0;60;1;1;1;0;0;16.6;80.3;15.9;255;255.5;3;2.1;3.7;75;61;1;0;6;1.45;1.45
638;31034;0;1;1;0;78;1;1;59;2;0;0;0;0;46.9;255;255;255;360.6;2.3;5.1;5.6;0;0;0;0;19;0.557894737;0.557894737
639;31134;1;1;1;0;64;1;0;60;2;3;2;0;0;14;109.4;48;2.1;48;2.6;4.4;5.2;51;83;1;0;4;2.55;2.55
640;31234;0;0;1;1;102;1;0;59;1;2;2;0;0;58.2;57.2;23.6;1.9;23.7;1.2;8.4;8.4;62;64;1;0;43;0.311627907;0.311627907
641;31584;0;0;1;1;86;2;1;48;2;1;1;0;0;18.9;37.4;34.7;3;34.8;1.4;2;2.4;77;76;1;0;38;0.194736842;0.194736842
642;31713;1;1;0;0;64;1;0;75;1;1;2;0;0;35.3;25.3;255;2.6;255;3.2;13;13.3;78;45;1;0;-11;-1.663636364;0
643;931;1;1;1;0;87;1;0;67;1;0;0;0;0;17.8;255;255;255;360.6;2.3;3.9;4.5;0;0;1;1;20;0.475;0.475
644;1031;1;1;1;1;90;1;0;71;2;2;1;0;0;29.7;42.4;22.5;255;256;2.8;2.3;3.6;78;74;1;0;19;0.452631579;0.452631579
645;1113;1;0;0;0;80;1;0;76;2;1;3;1;2;24.7;98.7;10.9;2.1;11.1;1.9;9;9.2;62;98;1;0;4;3.55;3.55
646;2938;1;1;1;1;87;1;0;63;0;0;0;0;0;255;255;255;255;360.6;2.5;5.1;5.7;0;0;1;0;24;0.445833333;0.445833333
647;3203;1;1;1;1;69;1;0;62;1;2;1;0;0;17.8;75.4;38.1;255;257.8;2;1.2;2.3;72;70;1;0;7;1.042857143;1.042857143
648;3303;1;1;1;0;74;1;0;64;0;4;3;0;0;255;75;34.6;1.6;34.7;2.9;0.7;3;58;86;1;0;10;0.8;0.8
649;3612;0;0;1;0;110;4;1;60;1;2;0;0;0;28.6;255;255;255;360.6;3.3;3.1;4.6;75;0;1;0;50;0.192;0.192
650;4167;1;0;0;0;74;1;0;68;1;0;1;0;0;21.8;255;42.7;1.2;42.7;2.5;0.8;2.7;0;71;1;0;6;1.283333333;1.283333333
651;4568;1;0;0;0;56;2;1;46;1;1;1;0;0;85.1;22.3;10.3;2.8;10.6;1.6;3.4;3.7;90;75;1;0;10;0.87;0.87
652;4878;1;0;1;0;80;1;1;70;0;2;4;0;0;255;98.8;67.7;0.3;67.7;1.1;3.7;3.9;78;73;1;0;10;0.89;0.89
653;6578;1;0;1;0;90;2;1;61;2;1;1;0;0;25;22.1;3.3;2.6;4.2;1.5;3.4;3.8;58;62;1;0;29;0.303448276;0.303448276
654;6612;0;0;1;1;95;1;0;61;1;1;2;0;0;19.6;46;16.7;3;17;1.7;9;9.2;56;62;1;0;34;0.417647059;0.417647059
655;6691;1;0;1;1;103;2;1;60;1;1;1;0;0;50.3;26.6;9;2.1;9.3;1.5;3.4;3.7;69;68;1;0;43;0.202325581;0.202325581
656;6816;1;0;0;0;64;1;1;63;1;1;1;0;0;18.9;20.7;3.2;1.6;3.6;0.8;5.2;5.2;77;81;1;0;1;10.2;10.2
658;9324;0;1;1;0;77;2;1;65;1;1;1;0;0;20.4;32.7;12.3;2.1;12.4;2.7;0.8;2.8;71;77;0;0;12;0.65;0.65
659;9374;1;0;1;1;90;1;1;56;0;0;1;0;0;255;255;6.3;1;6.4;1.5;12.1;12.2;0;71;0;0;34;0.505882353;0.505882353
660;9449;0;1;1;0;85;1;1;59;2;0;1;0;0;8.5;255;40.9;1.5;40.9;3.1;8.9;9.4;0;90;1;0;26;0.553846154;0.553846154
661;9549;1;0;0;0;70;1;1;71;1;1;0;0;0;27.2;255;255;255;360.6;0.7;9.4;9.4;74;0;1;0;-1;-14.4;0
662;9549;0;1;1;0;71;4;1;57;2;0;1;1;2;16.2;66.5;13;1.2;13;2.6;1.5;3;87;73;1;0;14;0.571428571;0.571428571
663;9624;0;1;1;0;83;2;1;56;1;1;2;0;0;14.8;68.3;30.3;2.2;30.4;3.4;5.5;6.5;75;77;1;0;27;0.425925926;0.425925926
664;10080;0;0;1;1;80;1;1;66;1;1;1;0;0;34.1;30.7;10.8;1.2;10.9;2.1;3.9;4.4;69;77;1;0;14;0.671428571;0.671428571
665;10155;0;0;0;0;83;1;0;73;1;2;1;0;0;56.3;32.2;9.9;1.2;10;1.3;5.3;5.5;81;71;0;2;10;1.05;1.05
666;12280;0;1;1;0;106;1;1;76;0;0;0;0;0;255;255;255;255;360.6;3.3;8.8;9.4;0;0;1;0;30;0.48;0.48
667;12579;0;1;1;0;95;2;1;70;1;4;0;0;0;15.8;255;255;255;360.6;1.8;7.3;7.5;70;0;1;0;25;0.5;0.5
668;12666;1;1;0;1;75;4;0;70;1;2;1;1;2;63.2;81.4;6.7;1.2;6.8;1.8;1.6;2.4;58;62;1;0;5;1.48;1.48
669;12935;0;1;0;1;80;1;0;64;1;2;4;1;2;12.6;57.5;2.8;1;3;2.1;12.3;12.5;82;80;1;0;16;1.09375;1.09375
670;13868;1;0;0;1;78;1;1;68;1;1;1;0;0;60.5;100.2;4.5;1.4;4.7;1.7;7.7;7.8;59;83;1;0;10;1.28;1.28
671;15361;0;1;1;0;78;1;1;53;2;1;1;0;0;6.8;32.5;10;1.5;10.1;2.5;3.1;4;61;76;1;0;25;0.36;0.36
672;15361;1;0;0;0;55;1;1;53;2;1;1;0;0;22;32.5;10;1.5;10.1;6.9;0.4;6.9;61;76;0;0;2;5.95;5.95
673;15361;1;0;0;0;63;2;0;55;2;1;2;1;3;19.3;17.8;7.5;2.2;7.8;1.8;6.8;7;73;99;0;0;8;1.5;1.5
674;15411;0;0;1;0;72;1;0;62;0;0;2;0;0;255;255;13.3;3.1;13.6;2.2;3.9;4.5;0;53;1;0;10;0.95;0.95
675;15961;1;0;1;0;79;4;1;66;1;1;1;1;2;43.7;77.3;44.4;0.5;44.4;2;3.7;4.2;59;80;1;0;13;0.707692308;0.707692308
676;16239;1;1;0;0;76;1;0;71;2;0;1;0;0;9.3;255;49.3;1.3;49.3;2.4;4.2;4.8;0;58;1;0;5;1.96;1.96
677;18239;1;1;1;0;107;1;0;74;0;0;0;0;0;255;255;255;255;360.6;2.2;5.2;5.6;0;0;1;0;33;0.321212121;0.321212121
678;19064;1;0;1;1;69;1;1;53;1;1;2;0;0;23.4;13.6;0.6;1.8;1.9;0.9;1.5;1.7;56;68;1;0;16;0.41875;0.41875
679;21030;1;1;0;0;69;1;0;65;1;0;1;0;0;60.2;255;0.8;1.7;1.9;3.1;12.4;12.8;0;71;1;0;4;4.45;4.45
680;21530;0;0;1;0;93;1;1;79;0;1;1;0;0;255;64.6;36;0.1;36;1.2;4.9;5.1;72;85;1;0;14;0.721428571;0.721428571
681;22230;0;1;1;0;75;1;1;55;1;0;1;0;0;14.3;255;3.2;0.9;3.3;1.7;2.1;2.7;0;69;1;0;20;0.385;0.385
682;22796;0;0;1;0;75;1;1;64;0;1;1;0;0;255;29.4;8.9;1.4;9;2.2;1.4;2.6;71;74;0;0;11;0.690909091;0.690909091
683;24171;1;1;1;1;87;1;0;67;1;0;0;0;0;41.4;255;255;255;360.6;2.8;1.4;3.1;0;0;1;0;20;0.405;0.405
684;24494;0;1;1;1;77;4;0;56;0;2;3;0;0;255;82.7;32.3;0.5;32.3;2.6;5.5;6.1;80;84;1;0;21;0.528571429;0.528571429
685;24857;1;0;0;1;92;3;1;93;1;1;4;1;2;51.3;25.5;0.7;2.2;2.3;1.4;12;12;70;83;0;0;-1;-17;0
686;25173;0;1;0;1;82;1;1;69;0;0;1;0;0;255;255;31.4;0.9;31.4;2.5;12.4;12.6;0;76;1;0;13;1.353846154;1.353846154
687;25457;1;0;0;0;55;4;1;50;1;0;1;0;0;32.8;255;0.7;1.6;1.7;14.2;0.5;14.2;0;75;1;0;5;3.84;3.84
688;25707;0;1;1;1;81;4;1;54;0;4;1;0;0;255;59.7;1.6;1.6;2.3;1.9;2.9;3.5;62;76;1;0;27;0.314814815;0.314814815
689;27432;0;1;1;0;79;1;1;61;0;1;2;0;0;255;92.9;45.1;1.8;45.1;2.6;4.4;5.1;82;88;1;0;18;0.561111111;0.561111111
690;27557;1;1;1;1;103;1;0;83;0;0;0;0;0;255;255;255;255;360.6;3.1;3.6;4.7;0;0;1;0;20;0.485;0.485
691;27660;1;0;1;0;99;2;1;69;1;1;1;0;0;27.7;35.1;19;2.1;19.1;1.5;4.7;5;85;96;1;0;30;0.333333333;0.333333333
692;28060;0;1;1;1;79;3;1;73;1;1;1;0;0;23.9;52.8;15.7;1.9;15.8;3;2.9;4.1;68;91;1;0;6;1.516666667;1.516666667
693;29935;1;1;1;1;85;1;0;62;1;0;0;0;0;28.6;255;255;255;360.6;2.7;3;4;0;0;1;0;23;0.391304348;0.391304348
694;29935;0;0;1;0;72;1;0;58;0;1;1;0;0;255;64.9;25.7;1.8;25.7;1.2;3;3.3;61;85;1;0;14;0.592857143;0.592857143
695;575;1;1;0;0;87;1;0;80;1;0;2;0;0;19.1;255;2.1;1.6;2.6;2;2.3;3.1;0;87;1;0;7;1.157142857;1.157142857
696;850;1;1;0;0;78;1;0;76;1;4;1;0;0;29.8;43.3;9.7;1.7;9.9;2.1;1.4;2.5;57;68;1;0;2;3.75;3.75
697;1000;1;0;1;0;79;1;1;59;1;3;1;0;0;62.5;33.3;3;1.4;3.3;2.4;3;3.9;73;73;0;0;20;0.445;0.445
698;1050;1;0;0;1;75;1;1;59;1;1;1;0;0;62.5;70.7;12.3;1;12.3;1.7;14.6;14.7;57;73;1;0;16;1.23125;1.23125
699;2000;0;1;1;1;87;1;1;63;1;0;1;0;0;5.1;255;3.2;1.4;3.5;1.8;3.7;4.1;0;71;1;0;24;0.379166667;0.379166667
700;2950;1;1;0;1;68;1;0;64;1;1;1;1;4;25.2;93.2;29.4;1.6;29.5;3.3;2.5;4.1;67;65;1;0;4;2.275;2.275
701;3350;0;1;1;1;106;4;1;66;0;0;0;0;0;255;255;255;255;360.6;3;5.3;6.1;0;0;1;0;40;0.2775;0.2775
702;3600;0;0;1;0;96;1;0;88;1;2;3;0;0;55.5;62.8;24.2;2.1;24.3;2.3;2.6;3.4;49;55;1;0;8;1.05;1.05
703;3975;1;0;1;1;80;1;1;61;1;1;1;0;0;68.2;85.1;2.1;1.5;2.6;1.4;5.8;5.9;62;79;1;0;19;0.573684211;0.573684211
704;4125;0;0;1;1;98;1;0;63;1;1;1;0;0;35.1;48.2;22.1;255;256;1.3;5.8;6;60;65;1;0;35;0.314285714;0.314285714
705;4200;0;0;1;0;86;1;0;71;1;1;1;0;0;36.4;48.1;21.5;255;255.9;0.9;12.8;12.8;65;64;1;0;15;1.186666667;1.186666667
706;5950;1;1;1;0;73;2;1;63;0;0;1;1;2;255;255;36.1;3.1;36.2;1.6;3;3.4;0;105;1;0;10;0.84;0.84
707;6322;1;1;1;1;115;1;1;82;1;0;0;0;0;64;255;255;255;360.6;3.2;4.5;5.5;0;0;1;0;33;0.318181818;0.318181818
708;6500;1;1;0;0;74;1;0;71;2;0;0;0;0;7.3;255;255;255;360.6;2.8;2.1;3.5;0;0;1;0;3;2.833333333;2.833333333
709;6584;0;1;0;0;78;2;1;74;0;1;1;0;0;255;49;3.4;1.6;3.7;0.7;8.7;8.7;73;77;1;0;4;3.425;3.425
710;6584;1;1;0;0;74;1;0;77;2;0;0;0;0;8.8;255;255;255;360.6;2.5;1.5;2.9;0;0;1;0;-3;-2.633333333;0
711;6884;0;1;1;0;77;1;0;65;0;1;1;1;2;255;36.7;16.1;2.5;16.3;2.5;5.7;6.2;58;60;1;0;12;0.933333333;0.933333333
712;6934;1;1;1;0;77;2;1;60;1;1;1;1;2;36.4;43.8;32.2;2.6;32.3;1.3;3.2;3.4;74;80;1;0;17;0.494117647;0.494117647
713;8718;1;1;0;1;78;1;0;71;1;1;1;0;0;34.4;80.6;19.1;0.7;19.1;3.4;2.2;4;60;76;1;1;7;1.285714286;1.285714286
714;8968;0;1;1;0;92;1;1;53;2;1;0;0;0;13.5;255;255;255;360.6;2.9;2.9;4.1;69;0;1;0;39;0.233333333;0.233333333
715;8968;1;0;1;0;81;1;1;53;2;1;2;0;0;65.7;30.8;2.1;1.9;2.8;1.3;13.5;13.6;69;92;1;0;28;0.664285714;0.664285714
716;9068;1;0;0;0;73;2;1;75;0;1;1;0;0;255;46.7;13.4;2.8;13.7;1.6;1.1;2;88;75;1;0;-2;-3.5;0
717;9399;1;0;0;0;64;1;1;63;0;2;1;0;0;255;39.3;2.8;1.3;3.1;0.3;14.2;14.2;80;65;1;0;1;19.2;19.2
718;9424;0;0;1;1;90;1;1;60;0;0;1;0;0;255;255;2.7;1.2;3;1.7;5.5;5.7;0;82;1;0;30;0.356666667;0.356666667
720;9624;0;0;1;0;87;1;0;77;0;1;2;0;0;255;30.7;13.9;1.3;13.9;1.7;2.9;3.3;50;80;1;0;10;0.83;0.83
721;9800;1;0;0;1;73;4;1;58;1;1;1;0;0;23.8;26.3;1.2;1;1.5;0.8;8.1;8.2;57;60;1;0;15;0.88;0.88
722;9900;0;1;0;0;70;1;1;58;1;1;1;0;0;10.3;34;1;1.2;1.5;2.2;2.3;3.2;70;73;1;0;12;0.683333333;0.683333333
723;10111;1;0;0;0;53;1;1;57;1;1;1;1;2;36.8;84;29.4;1.6;29.5;0.4;6.3;6.3;66;73;1;0;-4;-2.825;0
724;10267;0;0;0;1;70;1;0;76;1;2;1;0;0;46.3;29.4;1.3;1.6;2;1.2;7;7.1;61;63;0;0;-6;-2.016666667;0
725;10957;1;0;0;0;75;1;0;79;1;0;3;0;0;81.4;255;11.7;2.3;11.9;2.3;2.1;3.1;0;66;1;0;-4;-2.025;0
726;11907;0;1;1;0;86;1;1;65;0;0;0;0;0;255;255;255;255;360.6;2.4;4.1;4.7;0;0;1;0;21;0.461904762;0.461904762
727;12232;0;1;1;1;111;1;1;55;0;1;4;0;0;255;76.7;32.5;255;257.1;3.5;7.9;8.6;72;64;1;0;56;0.242857143;0.242857143
728;12282;0;1;1;1;136;4;1;70;1;1;0;0;0;31.2;255;255;255;360.6;2.3;4.9;5.4;67;0;1;0;66;0.157575758;0.157575758
729;12307;0;0;1;0;81;1;0;67;0;1;1;0;0;255;42.4;31.1;1.5;31.2;1.5;4.1;4.4;60;64;1;0;14;0.671428571;0.671428571
730;12532;0;0;0;1;67;1;0;66;0;2;3;0;0;255;13;9;1.1;9.1;1.3;4;4.2;85;84;1;0;1;9.2;9.2
731;12532;1;1;1;0;85;1;0;66;3;0;3;0;0;4.1;255;9;1.1;9.1;3.2;1.3;3.4;0;84;1;0;19;0.442105263;0.442105263
732;12788;0;0;1;1;90;1;0;76;0;1;2;0;0;255;16;9.8;2.3;10.1;1.3;1.6;2.1;58;48;0;0;14;0.507142857;0.507142857
733;13113;0;0;0;1;73;1;0;71;1;1;1;0;0;49.7;12.7;0.6;1.8;1.9;1.3;1.3;1.8;54;58;1;1;2;3.4;3.4
734;13188;1;0;1;1;67;1;1;62;4;1;1;0;0;35.1;11.3;1.1;1.6;2;1.5;1.2;1.9;65;66;1;1;5;1.38;1.38
735;13163;0;1;1;0;67;4;1;57;1;1;1;1;5;7.8;45.4;10.3;1.2;10.4;2.3;2.5;3.4;58;55;1;0;10;0.84;0.84
736;13288;1;0;1;0;62;1;1;61;1;1;1;0;0;31.5;20.3;255;1.6;255;1.4;3.8;4.1;58;62;1;0;1;9.1;9.1
737;13338;1;0;1;0;66;1;1;61;1;1;1;0;0;32.7;21.2;3;1.5;3.3;1.5;5.1;5.3;57;61;1;0;5;2.06;2.06
738;13763;1;0;1;0;65;1;1;45;1;1;1;0;0;22;30.7;8.5;1.2;8.6;1.8;3.9;4.3;53;69;1;0;20;0.465;0.465
739;14713;1;1;0;1;63;1;0;65;0;0;0;0;0;255;255;255;255;360.6;3;8.3;8.8;0;0;0;0;-2;-6.9;0
740;15288;0;1;1;1;109;1;0;76;0;0;0;0;0;255;255;255;255;360.6;2.8;5.4;6.1;0;0;1;0;33;0.336363636;0.336363636
741;15363;0;0;1;1;88;1;0;68;1;1;0;0;0;37.5;255;255;255;360.6;1.1;12;12;48;0;1;0;20;0.85;0.85
742;15488;1;0;1;0;77;2;1;51;2;1;1;0;0;9.5;19;6.9;1.7;7.1;1.1;3.6;3.8;66;77;1;0;26;0.338461538;0.338461538
743;15854;0;0;0;1;79;1;1;75;3;1;1;0;0;41.1;53.2;1.8;1.2;2.2;1.8;5.5;5.8;69;73;1;0;4;2.7;2.7
744;15879;1;0;1;0;71;2;1;51;1;1;1;0;0;62.4;31.9;2.7;1.6;3.1;1;1.8;2.1;73;73;1;0;20;0.355;0.355
745;15989;0;1;0;0;78;1;1;80;0;1;1;0;0;255;95;13.5;1;13.5;2.8;3.5;4.5;65;88;1;0;-2;-4.75;0
746;18456;0;1;0;1;97;2;1;84;0;0;2;0;0;255;255;27.2;2.5;27.3;1.8;7;7.2;0;96;1;0;13;0.938461538;0.938461538
747;18681;0;1;1;1;95;1;1;65;1;1;1;0;0;27.4;40.9;13.3;1.8;13.4;2.9;1.6;3.3;65;71;1;0;30;0.276666667;0.276666667
748;20831;0;1;1;0;88;1;1;65;0;0;1;0;0;255;255;7.6;0.7;7.6;2.1;3.5;4.1;0;81;1;0;23;0.395652174;0.395652174
749;21181;1;0;0;0;72;1;1;56;1;1;1;0;0;32.2;39.5;2.8;1.3;3.1;1.4;14.6;14.7;71;75;1;0;16;1.23125;1.23125
750;21431;0;1;0;1;89;1;1;58;1;1;1;0;0;83.8;63;1.8;1.6;2.4;2.4;3.7;4.4;86;81;0;0;31;0.303225806;0.303225806
751;21456;0;1;1;0;82;1;1;52;2;0;1;1;2;10.3;255;44.2;1.5;44.2;2.3;7.8;8.1;0;87;1;0;30;0.436666667;0.436666667
752;21531;1;0;1;0;76;2;1;49;0;1;1;0;0;255;66.3;15.6;255;255.5;1.6;1.7;2.3;76;87;1;0;27;0.27037037;0.27037037
753;21811;0;1;1;1;70;2;1;95;2;1;1;0;0;35;66.3;24.4;1.8;24.5;2.9;4.5;5.4;67.9;82;1;0;-25;-0.416;0
754;22011;1;1;0;0;79;1;0;72;1;2;1;1;2;25.9;40.3;13.5;1.8;13.6;2.3;7.6;7.9;74;60;1;0;7;1.842857143;1.842857143
755;22336;0;0;0;1;77;1;0;76;0;1;1;0;0;255;27.7;4.3;2;4.7;2;1.7;2.6;56;62;1;0;1;7.6;7.6
756;22386;0;1;1;0;77;1;1;58;1;1;3;1;4;46.3;97;44.8;1.2;44.8;2.1;4.4;4.9;70;77;1;0;19;0.521052632;0.521052632
757;24336;0;1;1;0;81;1;1;60;2;1;1;0;0;57.1;40.2;3.1;1.2;3.3;3.2;5.4;6.3;82;84;1;0;21;0.538095238;0.538095238
758;24986;0;0;1;1;108;2;1;60;2;2;1;0;0;35.9;28.6;2.8;2;3.5;2.1;6.1;6.5;73;73;1;0;48;0.239583333;0.239583333
759;25036;0;1;1;0;78;2;1;59;2;1;1;0;0;37;68.7;10.3;2.3;10.6;2.3;6.2;6.6;70;79;1;0;19;0.610526316;0.610526316
760;25181;1;0;0;0;79;1;1;71;0;1;1;0;0;255;44.5;24.9;1.6;24.9;1.6;2.6;3;73;85;1;0;8;1;1
761;25281;1;0;1;0;65;1;1;45;1;1;1;0;0;31.9;71.4;5.5;1.8;5.8;1.8;2.8;3.3;70;64;1;0;20;0.415;0.415
762;25431;1;0;1;0;70;1;1;55;1;1;1;0;0;61.2;50.4;1;1.6;1.9;0.5;6.4;6.4;59;74;1;0;15;0.76;0.76
763;27731;1;1;0;1;82;1;0;75;1;2;1;1;6;43.3;27.5;4.2;1.7;4.5;1.1;6.8;6.9;61;68;1;0;7;1.7;1.7
764;27756;0;0;1;0;77;1;0;65;3;1;2;0;0;21.2;49.6;30.5;1.6;30.5;1.9;6.3;6.5;48;57;1;0;12;0.958333333;0.958333333
765;27781;0;1;0;0;78;1;1;57;1;0;1;1;2;5.8;255;16.7;1.6;16.8;2.1;4.5;5;0;74;1;0;21;0.476190476;0.476190476
766;29999;1;1;0;1;65;1;0;78;1;0;1;0;0;43.1;255;3.3;1.3;3.5;3.8;12.8;13.3;0;66;1;0;-13;-1.407692308;0
767;255;0;1;1;1;118;1;1;60;1;0;1;0;0;37.9;255;15.7;1.4;15.7;2.6;6.3;6.8;0;75;1;0;58;0.203448276;0.203448276
768;430;1;0;1;0;72;1;1;56;1;1;1;1;3;9.5;28.3;13.2;1.7;13.3;1.6;4;4.3;55;65;1;0;16;0.58125;0.58125
769;586;1;0;0;0;68;1;1;65;1;1;1;1;3;39.9;10;1;1.2;1.6;1.6;1;1.9;59;63;1;0;3;2.3;2.3
770;730;0;0;0;0;75;1;0;68;2;0;1;1;2;37.9;255;4.5;1.5;4.8;1.3;1.1;1.7;0;66;1;0;7;0.957142857;0.957142857
771;935;1;1;1;1;81;1;0;61;1;0;1;0;0;32.8;255;35.2;0.7;35.2;3.1;3.9;5;0;73;1;0;20;0.5;0.5
772;1998;0;1;1;1;89;2;1;54;1;0;0;0;0;9.6;255;255;255;360.6;2.4;2.8;3.7;0;0;1;0;35;0.248571429;0.248571429
773;2196;0;1;1;0;79;1;1;58;0;0;0;0;0;255;255;255;255;360.6;2.2;3.9;4.5;0;0;1;0;21;0.452380952;0.452380952
774;2846;1;1;1;0;87;1;0;81;0;0;2;0;0;255;255;5.1;2.3;5.6;1.9;3.4;3.9;0;50;1;0;6;1.483333333;1.483333333
775;3521;1;0;1;1;91;1;1;82;0;2;3;0;0;255;63.9;10.4;1.4;10.5;2.3;3.9;4.5;81;79;1;0;9;1.055555556;1.055555556
776;3730;1;1;0;0;80;1;0;71;0;0;0;0;0;255;255;255;255;360.6;2.4;1.7;2.9;0;0;1;0;9;0.877777778;0.877777778
777;4055;1;0;0;1;61;1;1;59;0;1;1;0;0;255;15.2;0.7;1.8;1.9;0.7;13.4;13.4;66;67;1;0;2;9.2;9.2
778;4105;1;1;1;0;76;1;0;65;1;0;1;0;0;21.7;255;31.6;255;256.9;2.8;2.2;3.5;0;88;1;0;11;0.772727273;0.772727273
779;4230;0;1;1;1;76;1;1;66;1;0;3;0;0;39.5;255;3.4;2.6;4.3;2.4;3.7;4.4;0;76;1;0;10;0.94;0.94
780;4345;1;1;1;0;68;1;0;55;1;1;1;0;0;11.9;91.5;67.4;1.2;67.4;2.7;1.7;3.2;58;65;1;0;13;0.630769231;0.630769231
781;4420;0;0;1;1;79;1;1;66;0;1;1;0;0;255;31.9;8.3;1.1;8.4;1.8;3.6;4;59;66;1;0;13;0.692307692;0.692307692
782;4495;0;0;1;1;83;1;0;66;1;1;1;0;0;38.9;23.9;7.7;1.1;7.8;1.3;3;3.3;64;64;1;0;17;0.488235294;0.488235294
783;4745;1;0;1;0;81;1;1;60;0;1;0;0;0;255;255;255;255;360.6;1.5;1.6;2.1;60;0;1;0;21;0.338095238;0.338095238
784;4795;1;1;1;0;72;1;0;58;1;0;1;0;0;21.5;255;14.3;255;255.4;2.3;1;2.5;0;59;1;0;14;0.535714286;0.535714286
785;5820;1;1;0;0;75;1;0;74;0;0;0;0;0;255;255;255;255;360.6;2.5;11.7;11.9;0;0;1;0;1;16.9;16.9
786;5995;0;0;1;0;75;1;0;53;0;4;2;0;0;255;17;9.1;3;9.6;1;3.9;4;46;58;1;0;22;0.409090909;0.409090909
787;6270;0;1;1;1;78;4;1;43;4;1;1;1;3;33.7;120;63;0.9;63;2.6;1.9;3.2;56;73;1;0;35;0.234285714;0.234285714
788;6468;0;1;1;0;85;4;1;56;1;2;1;0;0;38.7;58.7;12.6;1.4;12.7;1.4;8.2;8.3;73;64;1;0;29;0.45862069;0.45862069
789;6493;0;1;1;0;87;2;0;66;1;2;3;0;0;5.4;45.6;20;0.6;20;1.2;2;2.3;66;79;1;0;21;0.347619048;0.347619048
790;7793;0;1;0;1;83;3;1;82;1;1;1;0;0;71.4;72.7;6.6;2.6;7.1;2.1;6.5;6.8;73;81;0;0;1;11.8;11.8
791;7818;1;0;1;1;83;1;0;62;1;0;1;0;0;40.1;62.3;21.4;1.4;21.4;1.3;6.6;6.8;54;53;1;0;21;0.561904762;0.561904762
792;7868;1;0;1;1;84;1;1;47;1;1;1;0;0;60.4;42.7;16.7;0.6;16.7;0.4;14.4;14.4;64;81;1;0;37;0.524324324;0.524324324
793;9568;0;0;0;0;97;2;0;99;0;0;0;1;2;255;255;255;255;360.6;1.2;6.4;6.5;0;0;1;0;-2;-5.75;0
794;9843;1;0;1;0;72;1;1;67;1;1;1;0;0;40.6;74.7;47.4;1.6;47.5;1.4;5.8;5.9;53;81;1;0;5;2.18;2.18
795;9918;1;1;1;0;76;1;0;53;1;1;1;1;2;21;46.4;18.3;0.3;18.3;2.2;4.1;4.6;50;63;1;0;23;0.417391304;0.417391304
796;11868;0;1;1;1;96;3;1;79;0;0;0;0;0;255;255;255;255;360.6;2.3;3.1;3.8;0;0;1;0;17;0.517647059;0.517647059
797;12093;0;1;1;1;101;4;1;57;1;1;4;0;0;42.1;51.8;6.1;1.1;6.2;2.7;9.9;10.2;68;84;1;0;44;0.345454545;0.345454545
798;12468;0;0;0;1;75;1;0;72;1;1;1;1;2;82.8;64.4;1.6;1.6;2.2;0.8;7.9;7.9;60;79;1;0;3;4.3;4.3
799;13118;1;0;1;0;74;1;1;65;1;1;1;0;0;51.1;52.1;32.1;1.7;32.2;1;5.8;5.9;73;77;1;0;9;1.211111111;1.211111111
800;13218;0;1;1;0;78;4;1;65;4;1;1;0;0;16.4;51.2;4.5;1.6;4.7;2.4;4.6;5.2;60;77;1;0;13;0.784615385;0.784615385
801;594;0;1;0;1;69;1;1;71;1;0;1;0;0;22.5;255;12.8;1.3;12.8;3.2;8.4;9;0;65;1;0;-2;-7;0
802;710;1;0;1;1;99;1;1;55;0;3;1;0;0;255;35.4;2.9;1.9;3.4;1.9;3.7;4.2;75;78;1;0;44;0.209090909;0.209090909
803;754;1;1;0;0;88;1;1;79;1;1;3;0;0;35.6;255;19.9;1.7;20;2.2;1.7;2.8;76;96;1;0;9;0.866666667;0.866666667
804;829;1;1;1;1;89;1;0;83;0;2;3;0;0;255;94.9;71.4;0.4;71.4;2.5;2.9;3.8;86;89;1;0;6;1.466666667;1.466666667
805;954;0;0;1;1;106;2;1;68;2;2;2;0;0;67;46.8;20.8;1.3;20.8;1.8;11.3;11.5;103;75;1;0;38;0.434210526;0.434210526
806;1079;0;0;1;1;94;2;1;85;2;1;1;0;0;20.8;29.8;3.1;2;3.7;1.3;2.7;3;60;76;1;0;9;0.888888889;0.888888889
807;1129;0;1;1;1;94;2;1;68;2;1;1;1;2;32.5;33.4;19.2;2.9;19.4;2.2;7.3;7.6;81;71;1;0;26;0.484615385;0.484615385
808;1279;1;0;1;0;90;2;1;60;0;1;1;0;0;255;21.8;5.1;2.2;5.6;2.1;5.3;5.7;66;67;1;0;30;0.356666667;0.356666667
809;1579;0;1;0;0;86;1;0;83;0;1;1;0;0;255;60.5;14.3;1.3;14.3;3;1.9;3.5;0;83;1;0;3;2.833333333;2.833333333
810;2054;1;0;1;0;70;1;1;49;1;1;1;0;0;35.4;22.6;7.3;1.1;7.4;1;6;6.1;48;63;1;0;21;0.528571429;0.528571429
811;2257;1;1;0;0;79;1;0;69;1;1;1;0;0;26.7;45.9;0.8;1.2;1.4;3.2;13.3;13.7;67;70;0;0;10;1.87;1.87
812;2307;1;0;0;0;73;1;1;75;0;1;1;0;0;255;70.6;8.1;1.4;8.2;0.2;6.9;6.9;55;75;1;0;-2;-5.95;0
813;2457;1;0;1;0;95;1;1;75;0;0;1;0;0;255;255;5;1.4;5.2;1.1;2.2;2.5;0;60;1;0;20;0.375;0.375
814;3332;0;0;1;1;85;1;0;65;0;0;1;0;0;255;255;13.4;0.3;13.4;1.7;4.3;4.6;0;62;1;0;20;0.48;0.48
815;3582;0;0;1;1;120;1;0;83;1;1;1;0;0;55.2;56.4;32.9;1.3;32.9;0.8;15;15;55;91;1;0;37;0.540540541;0.540540541
816;4032;1;0;1;0;78;2;1;59;0;1;1;0;0;255;48.6;28.8;1.7;28.9;0.7;9.2;9.3;67;89;1;0;19;0.752631579;0.752631579
817;5932;1;1;1;0;67;2;1;47;0;0;0;0;0;255;255;255;255;360.6;1.5;6.2;6.4;0;0;1;0;20;0.57;0.57
818;7007;0;1;0;0;83;2;1;69;0;0;1;0;0;255;255;35.4;255;257.4;1.9;8.3;8.5;0;60;1;0;14;0.964285714;0.964285714
819;7082;1;0;1;1;78;2;1;67;2;1;0;1;2;50.6;255;255;255;360.6;0.9;8.8;8.9;0;60;1;0;11;1.263636364;1.263636364
820;7382;1;1;0;0;64;1;1;68;1;0;2;0;0;63.9;255;15.6;2.5;15.8;3.9;6.1;7.2;0;53;0;0;-4;-3.05;0
821;7457;1;0;0;1;75;1;1;76;0;1;1;0;0;255;37.9;6.6;0.2;6.6;0.2;13.2;13.2;68;64;1;0;-1;-18.2;0
822;7807;1;1;1;0;83;2;1;92;2;1;0;0;0;48.9;255;255;255;360.6;1.8;1.3;2.2;64;0;1;0;-9;-0.8;0
823;7932;1;1;0;0;65;1;0;60;1;0;1;0;0;35.8;255;47.4;1.6;47.4;2.5;5;5.6;0;86;1;0;5;2.12;2.12
824;8107;0;0;0;1;73;1;0;70;1;1;1;0;0;17.3;26.2;1.5;1.9;2.4;1.7;6.1;6.3;74;75;1;0;3;3.766666667;3.766666667
825;8382;0;1;1;1;94;1;1;80;0;0;0;0;0;14;255;255;255;360.6;1.8;6.1;6.3;0;0;1;0;14;0.807142857;0.807142857
826;9757;0;1;0;1;69;4;1;60;0;1;1;0;0;255;16.3;3.5;1.5;3.8;2.9;7.1;7.6;68;73;1;0;9;1.4;1.4
827;9932;1;1;0;0;93;1;0;80;2;1;1;0;0;17.3;49.4;24.7;255;256.2;2.5;7.3;7.7;81;69;1;0;13;0.976923077;0.976923077
828;9932;0;1;0;0;76;2;1;91;1;0;1;0;0;8;255;7.3;1.7;7.4;2.8;8.2;8.6;0;74;1;0;-15;-0.906666667;0
829;10082;1;0;0;0;73;3;1;87;0;1;2;0;0;255;33.6;1.3;2.5;2.8;1.2;13.7;13.8;78;82;1;0;-14;-1.342857143;0
830;10682;1;1;0;0;61;4;0;70;1;0;1;0;0;4;255;9.5;255;255.2;2.2;1.9;2.9;0;75;1;0;-9;-0.877777778;0
831;12383;0;1;1;1;113;3;1;112;0;1;1;0;0;255;111;92.4;1.3;92.4;2.1;9.8;10;83;68;1;0;1;15;15
832;12608;0;1;1;0;113;1;1;64;0;0;1;0;0;255;255;41.3;0.9;41.3;2.7;9.3;9.6;0;82;1;0;49;0.297959184;0.297959184
833;12983;0;1;1;0;105;2;1;68;1;0;1;0;0;25.4;255;28.1;255;256.5;2.2;5.4;5.8;0;68;1;0;37;0.291891892;0.291891892
835;13941;0;1;1;1;80;1;1;55;1;2;1;1;3;25.5;1;18.4;1.7;18.5;3.4;3.4;4.8;75;81;1;0;25;0.392;0.392
836;14516;1;0;1;0;78;4;1;70;0;1;1;0;0;255;53.8;18.9;0.7;19;1.5;3.1;3.4;65;63;1;0;8;1.05;1.05
837;15541;1;0;1;1;100;2;1;72;2;1;3;0;0;50.4;82.9;40.8;3.2;40.9;1.5;14.6;14.7;73;90;0;0;28;0.703571429;0.703571429
838;15566;0;1;1;1;108;1;0;68;0;1;2;0;0;255;74.4;37.4;2.2;37.4;2.4;6.1;6.6;56;76;1;0;40;0.29;0.29
839;15866;1;0;1;0;90;1;1;70;0;1;1;1;2;255;85;38.4;1.5;38.4;2;14.9;15.1;59;82;1;0;20;1.005;1.005
840;16091;1;1;1;1;77;1;0;70;1;2;1;0;0;24.4;87.4;36.8;255;257.6;2.4;4.7;5.3;56;77;1;0;7;1.471428571;1.471428571
841;16291;0;1;1;1;86;1;1;56;0;0;1;0;0;255;255;16;0.5;16;2.9;6.9;7.5;0;79;1;0;30;0.416666667;0.416666667
842;16516;1;0;1;0;85;2;1;65;0;1;1;0;0;255;14.6;4.4;2.5;5.1;1.7;3.6;4;64;69;1;0;20;0.45;0.45
843;16791;1;0;0;0;61;2;1;64;1;1;0;0;0;79.6;255;255;255;360.6;0.7;13.8;13.8;66;0;1;0;-3;-6.266666667;0
844;16916;1;0;0;1;67;1;1;65;0;0;1;0;0;255;255;2.2;1.6;2.7;0.3;15.7;15.7;0;73;1;0;2;10.35;10.35
845;18841;1;0;1;1;86;4;1;58;1;0;1;0;0;13.6;255;255;1.5;255;1;3.4;3.5;0;71;1;0;28;0.303571429;0.303571429
846;19116;1;1;0;0;80;1;0;77;0;0;0;0;0;255;255;255;255;360.6;2.4;6.6;7;0;0;1;0;3;4;4
847;19266;1;0;1;0;80;1;1;66;1;1;1;0;0;30.4;32.6;9.6;1.3;9.7;0.6;11.2;11.2;56;61;1;0;14;1.157142857;1.157142857
848;19491;1;1;0;0;67;1;0;66;1;1;1;0;0;24;36.6;13.6;1.3;13.7;3.4;2.8;4.4;62;71;1;0;1;9.4;9.4
849;19641;1;1;0;1;82;1;0;77;1;0;1;0;0;53.9;255;33.3;1;33.4;2.3;2.8;3.6;0;67;1;0;5;1.72;1.72
850;20116;1;1;1;0;72;2;1;57;0;0;1;0;0;255;255;40;2.5;40.1;2.5;2.7;3.7;0;81;1;0;15;0.58;0.58
